Card Type Full Name,Issuing Bank,Card Number,Card Holder's Name,CVV/CVV2,Issue Date,Expiry Date,Billing Date,Card PIN,Credit Limit
Visa,Chase,4431465245886276,Frank Q Ortiz,362,09/2016,09/2034,7,1247,103700
Discover,Discover,6224764404044446,Tony E Martinez,035,06/2012,06/2030,23,6190,92900
Japan Credit Bureau,JCB,3541789329050940,Ana M Downs,945,03/2017,03/2021,10,8550,71500
American Express,American Express,371306399244328,Calvin T House,3868,09/2007,09/2018,26,1777,190500
Visa,Chase,4332985341176660,Gilda J Wade,237,12/2012,12/2023,26,5551,179700
Master Card,Chase,5405935391199277,Doris Giles,734,02/2010,02/2019,2,0744,112000
Master Card,USAA,5359097928073131,Alvin M Espinoza,907,02/2011,02/2029,2,5000,80600
Master Card,Bank of America,5230327834921460,Christopher X Holcomb,357,01/2014,01/2024,19,4598,11000
Discover,Discover,6469129126918968,Liliana Goodman,888,11/2007,11/2012,28,3078,81000
Discover,Discover,6011199663449639,Kim M Lynn,762,12/2014,12/2020,2,2695,85800
Visa,GE Capital,4158776635655001,Thomas Fischer,857,01/2014,01/2023,17,8045,33400
American Express,American Express,375390277153716,Melvin N Beasley,8488,09/2017,09/2023,24,1267,197600
Master Card,Chase,5130409236105925,Valentin G Doyle,823,01/2008,01/2015,16,8161,195000
Master Card,Capital One,5491623279876035,Thomas L Stanton,134,08/2014,08/2030,11,4675,51800
Visa,First National,4272673588894227,Aurelio P Hendricks,971,07/2015,07/2033,20,2919,19200
Master Card,Chase,5379481552433991,Robert B Mcintyre,201,02/2013,02/2033,10,6704,65900
Diners Club International,Diners Club,30965943930840,Monroe Petersen,763,11/2011,11/2027,26,4165,19800
Visa,Chase,4765457511678731,Louis Z Quinn,586,01/2008,01/2026,27,2213,54400
Visa,Chase,4821146928941954,Gail Olsen,412,03/2015,03/2032,12,6157,106900
American Express,American Express,378404881993115,Jeremy Z Gates,1841,06/2007,06/2008,9,1934,134200
Master Card,Citibank,5112785913047114,Margery W Austin,814,03/2014,03/2033,21,6144,198800
Visa,Capital One,4947220459670651,Roberto L Padilla,301,08/2014,08/2021,15,5771,124000
Discover,Discover,6011409386900432,Eddy Wong,045,02/2016,02/2027,23,9498,26900
Visa,Bank of America,4440780817204446,Steven B Palmer,225,01/2015,01/2030,1,2365,35100
Diners Club International,Diners Club,38057825805209,Sheri Hatfield,473,02/2007,02/2024,10,5997,40300
American Express,American Express,347649116993821,Louis W Silva,3798,01/2015,01/2016,1,5275,113800
Discover,Discover,6469050075162657,Cora D Mayer,581,02/2013,02/2018,23,6291,41500
Diners Club International,Diners Club,36967207535079,Nathan Stone,340,05/2017,05/2022,26,8570,86600
Diners Club International,Diners Club,38759269556848,Phillip U Norman,874,10/2016,10/2030,7,0128,27500
Visa,Bank of America,4021927175265827,Sara O Kim,363,06/2012,06/2026,17,7144,154200
Japan Credit Bureau,JCB,3543925449367131,Damion Rivera,216,06/2012,06/2028,12,0404,151700
Discover,Discover,6011484883784266,Jimmy B Rose,402,04/2011,04/2012,6,9572,59900
Diners Club International,Diners Club,38695340899288,Herman G Schroeder,032,01/2017,01/2024,2,9595,194000
Master Card,Chase,5398521955567866,Diana Downs,786,11/2016,11/2027,7,3821,14000
Japan Credit Bureau,JCB,3540434221037098,Clayton G Watts,166,10/2011,10/2014,10,7630,112300
Japan Credit Bureau,JCB,3539908815800642,Susan Q Travis,568,11/2013,11/2016,9,8620,84600
Master Card,Citibank,5227625844484527,Pansy D Pierce,972,09/2008,09/2016,17,2775,66900
Visa,Wells Fargo,4838277891275905,Mildred Bowers,496,04/2016,04/2029,14,5809,30400
Visa,Citibank,4599207779879675,Damien E Hensley,073,07/2015,07/2032,12,9589,64400
Japan Credit Bureau,JCB,3533301538789019,Tyler H Hughes,230,10/2010,10/2028,24,1475,82400
American Express,Bank of America,343043650965938,Beatrice J Mckay,1564,07/2009,07/2014,1,0511,179200
Master Card,Chase,5145083380214412,Tony T Cohen,072,01/2010,01/2012,14,6196,184900
Master Card,Capital One,5159828707678985,Juliette Z Ruiz,422,10/2017,10/2036,22,0140,74900
Master Card,USAA,5208031906162221,Christine Walter,429,03/2008,03/2010,20,7188,196700
Discover,Discover,6475117918757456,Jerry Shannon,217,02/2012,02/2025,18,3777,16900
Master Card,Capital One,5424154184842773,Michael L Wilkinson,393,09/2009,09/2023,8,7690,178100
American Express,American Express,341977801080604,Callie V Olsen,5942,08/2013,08/2027,1,4284,104100
Discover,Discover,6011496912698333,Kyle Gross,612,04/2014,04/2016,17,1381,130900
Japan Credit Bureau,JCB,3533140934927652,Randi Hull,829,05/2013,05/2017,15,3828,196300
Discover,Discover,6011451177557294,Clara England,275,03/2010,03/2025,5,2149,121000
Visa,Chase,4094953974119728,Aurora K Bradshaw,437,05/2007,05/2015,16,9569,20200
Master Card,Chase,5409476257530780,Michele Gaines,855,05/2009,05/2015,13,2031,54400
Japan Credit Bureau,JCB,3577255703503687,Michael N Bernard,792,12/2016,12/2023,25,4858,126500
Visa,Chase,4566485124933301,Chris N Gillespie,155,08/2017,08/2023,21,2615,134800
Visa,Capital One,4471175577245402,Lisa W Guerrero,498,07/2017,07/2025,12,0001,42400
American Express,American Express,375729276772556,Florence Walton,7560,10/2013,10/2014,14,7750,34900
Master Card,Chase,5455926509191768,Lee B Garrison,867,01/2016,01/2031,1,9159,91800
Visa,U.S. Bancorp,4088223180972635,Victoria O Silva,700,01/2015,01/2023,17,7840,186900
Master Card,U.S. Bancorp,5300720568988181,Frank I Dudley,511,04/2008,04/2014,5,2445,89900
Japan Credit Bureau,JCB,3582395896626441,Yolanda Wilkerson,378,09/2014,09/2020,11,8565,88800
American Express,U.S. Bancorp,377130155757339,Monique Merritt,2438,04/2011,04/2017,6,4773,149000
American Express,American Express,343839835027407,Phyllis J Hendrix,9979,03/2013,03/2028,25,9320,165700
Japan Credit Bureau,JCB,3564067763394039,Christy N Beard,375,02/2017,02/2032,4,5535,129500
Japan Credit Bureau,JCB,3556491753862211,Andrea J Mullins,139,07/2011,07/2015,13,9201,89800
Diners Club International,Diners Club,30956042633518,Jeffery P Hawkins,271,07/2014,07/2018,11,5651,24400
Japan Credit Bureau,JCB,3534352862437708,Rebecca Martinez,635,04/2013,04/2022,16,0830,192000
Japan Credit Bureau,JCB,3561972393618868,Amparo K Sheppard,447,12/2010,12/2028,23,1077,190700
Master Card,Citibank,5135451111673069,Jeremy Weaver,866,11/2014,11/2020,14,4861,103800
Master Card,Capital One,5391708514358914,Aaron A Mercer,924,12/2011,12/2022,6,4308,197000
Master Card,U.S. Bancorp,5302640311499898,Mike T Avila,659,08/2007,08/2014,10,0447,28100
Diners Club International,Diners Club,30338121072811,Jeremiah Ware,297,11/2013,11/2029,18,7960,47900
American Express,American Express,349052442370293,Maurice Guthrie,6978,11/2009,11/2018,17,9508,12100
Diners Club International,Diners Club,30982623652966,Peter Mccullough,270,10/2012,10/2029,15,6980,179500
Visa,First National,4476551821352563,Amber W Chambers,980,08/2013,08/2015,21,5090,55300
Discover,Discover,6224405733487696,Janie D Hickman,374,02/2014,02/2022,23,8557,90100
Master Card,Chase,5415247763363483,Stanley D Reid,024,11/2016,11/2031,9,6646,132100
Diners Club International,Diners Club,30079443897994,Toni Booth,274,10/2009,10/2010,22,1280,77200
Discover,Discover,6011717246219631,Joan S Foreman,436,10/2012,10/2014,3,7543,16900
Japan Credit Bureau,JCB,3533107360091824,Kristen B Mcclure,187,04/2016,04/2022,20,7633,148500
American Express,USAA,340316802691120,Kathy Mccarty,0030,03/2014,03/2030,28,2602,174700
Diners Club International,Diners Club,30586987167642,Winston Z Bird,422,04/2016,04/2027,26,6355,103900
Diners Club International,Diners Club,30532333195390,Clara V Bullock,536,10/2015,10/2016,10,5995,91000
Diners Club International,Diners Club,30063209204363,Garland R Murphy,012,06/2017,06/2025,4,3755,81000
American Express,USAA,377602664997010,Leon S Hess,5983,03/2017,03/2037,13,2305,150200
Japan Credit Bureau,JCB,3549349043103392,Stevie M Snyder,835,08/2011,08/2030,14,5538,145600
Japan Credit Bureau,JCB,3581011014991309,Lynn Y Lang,436,06/2016,06/2019,19,6063,109100
Discover,Discover,6547176256617999,Johnnie Horne,735,05/2016,05/2019,3,3192,25000
Discover,Discover,6223589022670244,Wendy W Stark,755,02/2007,02/2020,27,7570,181200
Discover,Discover,6011700780926555,Corinne English,290,03/2017,03/2022,28,1513,131400
Master Card,Chase,5370977176624880,Leon Crosby,491,06/2015,06/2029,14,5328,153000
Japan Credit Bureau,JCB,3580471581450611,Carlene Y Obrien,681,12/2013,12/2024,24,6326,126800
Diners Club International,Diners Club,36373994879004,Tyler H Stark,345,10/2011,10/2022,5,7878,172900
Visa,USAA,4871328044155912,Jorge J Rios,857,05/2014,05/2021,10,3962,72400
Discover,Discover,6226383520007902,Patrick O Lynn,147,11/2017,11/2023,25,0367,59000
Visa,Wells Fargo,4749891003603321,Emanuel Z Howell,937,06/2014,06/2033,26,6556,129200
Japan Credit Bureau,JCB,3573738536467950,Nicholas F William,013,04/2007,04/2018,20,3656,101400
Japan Credit Bureau,JCB,3550832080616174,Trevor H Garza,170,08/2017,08/2029,21,9727,147400
Visa,USAA,4551947816539826,Bradley B Webster,059,06/2012,06/2013,23,6278,109900
Discover,Discover,6221616596960982,Marcus Crosby,687,04/2017,04/2033,20,1705,146300
Visa,Chase,4049740730209000,Gary Mathews,694,10/2011,10/2025,20,2060,158800
Diners Club International,Diners Club,30936598242542,Sharon X Martin,218,07/2015,07/2029,26,5463,76900
Diners Club International,Diners Club,38778627235267,Tammy Whitehead,541,06/2009,06/2017,6,8721,63600
Discover,Discover,6011059073739245,Nelson Mack,133,04/2012,04/2024,4,7925,155700
Visa,Bank of America,4466654813005199,Alfred G Joseph,095,10/2008,10/2016,20,5258,186400
Japan Credit Bureau,JCB,3530535153257439,Earnest A Cochran,438,01/2007,01/2009,5,2797,64000
Japan Credit Bureau,JCB,3577866480229567,Gilbert Rich,296,06/2011,06/2027,23,8439,130400
Master Card,USAA,5222784998416606,Corine L Mendez,247,09/2007,09/2011,17,6106,108700
Diners Club International,Diners Club,36732529018612,Calvin Z Huffman,011,10/2008,10/2009,25,1205,105000
Japan Credit Bureau,JCB,3584071186478003,Austin A Ayers,479,12/2015,12/2018,5,5983,72900
Master Card,Bank of America,5388815462728397,Marie H Gentry,447,12/2013,12/2014,12,8298,96800
Diners Club International,Diners Club,30906897118255,Johnnie L Kline,413,08/2010,08/2021,5,0780,87200
Visa,PNC,4636044232586513,Edwin V Pace,098,05/2008,05/2015,9,6932,13000
Master Card,Capital One,5217552343702245,Chadwick S Knapp,226,12/2008,12/2027,20,2058,105200
American Express,American Express,343426671380080,Kathleen X Wilson,2322,05/2011,05/2016,14,2812,17700
Master Card,Citibank,5366583771358456,Leo Z Dawson,325,01/2014,01/2019,2,1527,128900
Visa,Barclays,4134814965874048,Ryan G Wolf,521,12/2012,12/2029,20,4321,142200
Japan Credit Bureau,JCB,3576079211078771,Isabella E Doyle,931,03/2015,03/2020,23,3496,143200
Visa,Chase,4081414440569033,George Z Pena,683,04/2007,04/2026,24,0178,195300
Discover,Discover,6501317738886786,Isiah C Poole,998,11/2010,11/2023,9,6884,99300
American Express,American Express,347468006720479,Kathy L Rollins,1533,05/2015,05/2031,6,8390,99700
Japan Credit Bureau,JCB,3558553831530652,Rodger I Weeks,899,03/2008,03/2018,27,3372,141400
Japan Credit Bureau,JCB,3585755994300420,Ronnie R Spears,698,11/2015,11/2023,22,6804,65400
American Express,American Express,372135452395373,Sheena Y Dillard,5276,07/2011,07/2016,21,0747,182000
Japan Credit Bureau,JCB,3584524410364753,William N Hendricks,721,07/2009,07/2025,18,8073,59700
Visa,Chase,4903429698690915,Cyrus Bridges,884,11/2017,11/2026,22,3007,64800
Visa,Wells Fargo,4789094058788193,Kristen Johns,172,10/2017,10/2025,4,4345,172700
Discover,Discover,6011815991079463,Chad Z Curry,815,07/2013,07/2018,5,1281,85600
Discover,Discover,6011950987097839,Marie Contreras,715,01/2017,01/2023,23,9500,100600
Visa,GE Capital,4051477111266599,Hannah S Patterson,095,08/2015,08/2027,25,2135,165100
Diners Club International,Diners Club,30041204607145,Stanley F Foreman,683,12/2011,12/2026,2,9229,11300
Japan Credit Bureau,JCB,3546979390651883,Kenya Lang,338,06/2012,06/2015,26,2325,198800
Discover,Discover,6011454873934742,Debbie D Gray,439,06/2017,06/2020,7,1782,160600
Diners Club International,Diners Club,30299023004833,Sung O Mcdonald,271,05/2015,05/2022,24,1552,164000
Master Card,U.S. Bancorp,5456503585826358,Gloria E Bond,466,11/2013,11/2030,17,4692,95200
Discover,Discover,6539293642363012,Louise Woods,194,10/2010,10/2030,10,7297,132600
Japan Credit Bureau,JCB,3545751071096675,Edna T Wiley,477,11/2012,11/2032,28,5287,40800
Discover,Discover,6011275593291778,Amalia A Mann,731,09/2014,09/2016,17,8275,195100
Discover,Discover,6011097220999338,George Y Mccarthy,267,03/2013,03/2026,21,5306,83600
Master Card,Bank of America,5147317197414312,Morgan M Barr,212,01/2010,01/2024,2,5601,160400
American Express,American Express,345806827857305,Herman Dunn,1867,11/2007,11/2020,22,2426,26000
Visa,Bank of America,4689837877707393,Chris E Williamson,697,06/2014,06/2025,28,3198,81300
Master Card,Capital One,5443491116440988,Sam G May,371,06/2017,06/2027,21,4016,186300
Japan Credit Bureau,JCB,3545204707110478,Tina S Glenn,077,09/2014,09/2021,23,1537,44800
American Express,American Express,345499365332673,Ramon U Travis,6513,04/2014,04/2033,11,0931,32000
Discover,Discover,6011226126622468,Lamont Ray,439,08/2012,08/2023,17,1249,182200
American Express,American Express,346979621444346,George E Marks,4335,09/2016,09/2033,17,1662,144800
Master Card,USAA,5251916285313278,Micheal Z Allison,235,08/2011,08/2015,7,5699,193500
Visa,Chase,4416233541926371,Anita V Spencer,593,06/2015,06/2027,11,9639,131500
American Express,American Express,377319472452530,Josie Santos,2990,04/2011,04/2029,26,4045,196600
Diners Club International,Diners Club,30402641887056,Nicholas R Preston,877,05/2013,05/2024,23,9021,161900
American Express,American Express,343945997904877,Harvey P Page,3404,12/2017,12/2032,11,8889,200000
Visa,Chase,4955868731578545,Wanda Callahan,287,03/2009,03/2022,27,6770,176700
Master Card,Chase,5139853542793802,Jim D Mcdowell,930,02/2012,02/2023,15,5047,104000
Master Card,USAA,5110404734772130,Julia P Morales,720,03/2013,03/2033,11,1329,167800
Diners Club International,Diners Club,30570066780665,Bettie P Cabrera,414,10/2013,10/2030,20,8520,95000
Diners Club International,Diners Club,30278274885215,John Cline,060,12/2009,12/2022,28,0711,40300
Japan Credit Bureau,JCB,3579807149252853,Helen A Johnson,299,07/2015,07/2017,21,7221,13400
Diners Club International,Diners Club,30925586830590,Terry Glover,502,02/2015,02/2034,6,5318,85000
Diners Club International,Diners Club,30480386373292,German Y Mccullough,579,06/2008,06/2017,9,7522,123200
Visa,Bank of America,4897160883588550,Karen K Gaines,350,04/2014,04/2030,15,3296,93300
American Express,American Express,378703093039710,Willis I Dejesus,4785,11/2008,11/2014,13,3189,59500
American Express,American Express,375070520627597,Terry R Giles,8791,07/2009,07/2012,10,8745,139800
Diners Club International,Diners Club,30305553497485,Erick E Bass,019,12/2009,12/2015,9,5750,187900
Master Card,Citibank,5227715153082598,Ana W Torres,986,01/2010,01/2017,12,5588,20000
Master Card,Citibank,5164862262876596,Maria V Stone,763,04/2015,04/2018,6,7888,155400
Diners Club International,Diners Club,30979864877856,Clara R George,694,03/2014,03/2027,1,2423,81300
Diners Club International,Diners Club,30394341734383,Brock V Thomas,497,07/2014,07/2034,19,3887,103200
Visa,Bank of America,4186081890126103,Jason V Prince,915,09/2007,09/2016,6,6159,151700
Visa,USAA,4511116483045363,Elinor J Pruitt,560,02/2012,02/2031,14,3726,174700
Visa,Chase,4773776482327022,Leslie N Dixon,442,09/2017,09/2020,17,4754,158400
Master Card,Chase,5344255898967017,Nolan P Roman,013,10/2013,10/2017,2,9855,84700
Diners Club International,Diners Club,30111676743148,Lauren W Lewis,092,03/2013,03/2018,5,1873,186500
Diners Club International,Diners Club,30526810019867,Laverne Keith,786,01/2011,01/2028,10,8238,179700
Japan Credit Bureau,JCB,3548198067156930,Harry K Rollins,238,06/2016,06/2024,19,8759,53600
Visa,Chase,4115479996332177,Frances Cook,027,08/2014,08/2023,1,7715,146200
Master Card,GE Capital,5226497235977464,Samantha G Wiley,101,05/2015,05/2031,27,1164,47500
Diners Club International,Diners Club,30212626855139,Irwin N Brewer,307,10/2016,10/2024,7,4242,127200
Master Card,Chase,5375080458959317,Dennis K Nixon,484,07/2009,07/2016,22,1609,145600
Japan Credit Bureau,JCB,3574196819767969,Claudia S Salas,132,12/2011,12/2024,17,9081,114400
Visa,Capital One,4929589922718947,Beth Guy,843,09/2017,09/2035,24,9823,28900
American Express,American Express,342092922334309,Brenda Holder,8310,12/2016,12/2025,1,2496,192800
Visa,Citibank,4162924593701862,Marjorie O Marsh,012,12/2017,12/2037,3,6656,157200
Discover,Discover,6586215409411181,Anibal S Dudley,074,11/2012,11/2017,22,7019,71700
Japan Credit Bureau,JCB,3545616405941005,Anthony Q Santana,804,11/2009,11/2019,2,9274,37800
Discover,Discover,6011493803531608,Cody Andrews,223,06/2007,06/2017,11,6852,191300
Japan Credit Bureau,JCB,3533102722915794,Chad C Webster,775,01/2007,01/2026,13,7966,133400
American Express,American Express,374221290806975,Jonah R Dickson,2170,03/2012,03/2024,20,2457,85700
Discover,Discover,6454302581682166,Jean P Russell,227,02/2012,02/2031,15,7356,25600
American Express,USAA,341547949989881,Rickie O Solis,0854,04/2014,04/2033,10,1915,185700
Discover,Discover,6011242676449848,Matthew Z Boone,907,03/2017,03/2036,16,7348,134600
Japan Credit Bureau,JCB,3572505261123525,Herbert Jones,638,04/2009,04/2018,20,3092,176900
Diners Club International,Diners Club,30176037370840,Edwin L Mann,967,05/2017,05/2020,18,1606,85500
Diners Club International,Diners Club,39681488549165,Cara E Fox,531,09/2017,09/2033,2,3200,193000
Japan Credit Bureau,JCB,3582021158843462,Peter F Burnett,381,01/2015,01/2027,18,3888,168700
Diners Club International,Diners Club,30057394848281,Chang Molina,681,05/2010,05/2023,24,4793,143200
Master Card,Chase,5141207127721025,Jimmy H Blake,957,04/2013,04/2032,14,5041,28200
American Express,American Express,375829569045049,Virgil B Snider,1787,02/2009,02/2022,3,9783,128300
Master Card,Capital One,5412695732692197,Carrie M Bond,370,08/2014,08/2029,1,5977,170600
Visa,Chase,4651161348246582,Rene C Rasmussen,648,08/2011,08/2017,15,5510,192300
Diners Club International,Diners Club,30528658695451,Dan Q Brewer,946,08/2010,08/2030,3,4436,144700
American Express,USAA,345007392884606,Aurelia Z Castillo,6942,06/2011,06/2026,13,9463,175200
Discover,Discover,6011722173339188,Charlie I Allen,395,07/2011,07/2025,10,5846,28100
Master Card,Bank of America,5247348528090579,Alfreda X Robles,444,07/2008,07/2010,15,1679,101600
Master Card,Chase,5361522324410260,Alex D Robbins,025,08/2008,08/2020,13,1106,116900
Discover,Discover,6501381246178607,Wendell N Mcdaniel,376,09/2010,09/2023,13,6415,64900
Visa,Capital One,4222830914112424,Arthur W Vargas,530,04/2015,04/2030,18,6592,37400
Master Card,Capital One,5319492255578654,Rickey T Whitley,872,08/2007,08/2023,7,7129,135900
Master Card,Citibank,5326821898816173,Elaine I Sanders,533,03/2009,03/2013,22,4192,65500
Master Card,Citibank,5265710183820839,Tammy Foster,394,08/2008,08/2020,8,1349,112300
Japan Credit Bureau,JCB,3548430137831758,Charlotte P Edwards,543,08/2008,08/2011,28,1714,73400
American Express,American Express,378731626423119,Rosanne U Levine,0224,06/2016,06/2035,1,4488,111500
Diners Club International,Diners Club,30154586840612,Rick Cohen,565,10/2008,10/2018,10,6436,125600
Diners Club International,Diners Club,30913227077045,Walter U Macias,108,12/2013,12/2024,8,4162,19000
Master Card,Bank of America,5119383095187214,Walter K Shannon,422,04/2012,04/2017,6,7145,139900
Visa,Chase,4702920140724677,Brigitte Alexander,908,08/2014,08/2015,26,9087,29100
American Express,American Express,379701958244564,Calvin Bolton,0401,01/2009,01/2019,7,2464,69200
Visa,Cabela’s WFB,4660530843368753,Dorthy Gibbs,036,07/2013,07/2022,5,9098,195500
Diners Club International,Diners Club,30118445202090,Annie Q Charles,222,02/2017,02/2032,26,5777,15700
American Express,USAA,371392278175049,Ebony G Atkins,5637,06/2010,06/2029,18,5372,183700
Japan Credit Bureau,JCB,3528626778357250,Jerry Curtis,348,11/2008,11/2015,17,9570,116600
American Express,American Express,375766419606820,Wesley Gill,6542,12/2007,12/2019,20,2403,88400
Visa,Bank of America,4413693556410038,Sylvia Scott,969,01/2014,01/2021,23,4498,89700
Visa,Citibank,4570176581364718,Rob Bailey,976,02/2013,02/2014,23,5803,181300
Discover,Discover,6011846676772783,Melanie A Clay,859,12/2009,12/2021,26,0993,83200
Visa,Citibank,4731243283651085,Stefanie Conner,821,07/2010,07/2014,12,2480,167700
American Express,American Express,373900028315828,Sharon E Douglas,0664,02/2016,02/2028,1,3721,151400
Japan Credit Bureau,JCB,3551185013763889,Jarvis N Thornton,746,06/2007,06/2016,11,2266,94400
American Express,American Express,378825147144830,Robert H Wallace,4037,05/2016,05/2030,21,1704,96000
Japan Credit Bureau,JCB,3538560088073679,Sterling Q Weber,745,09/2014,09/2023,20,2549,159800
Japan Credit Bureau,JCB,3561963693010013,Brent Landry,813,04/2007,04/2010,5,9417,131200
Discover,Discover,6011122658174723,Salvatore Cash,682,02/2007,02/2023,8,9977,144400
Discover,Discover,6229083268602123,Denise Mccullough,118,04/2017,04/2033,15,6679,25900
Japan Credit Bureau,JCB,3571634840023278,Desiree W Navarro,061,04/2011,04/2024,7,5797,178700
Master Card,Capital One,5391204255678264,Charlie Rivera,974,07/2015,07/2031,2,7642,126500
Visa,Wells Fargo,4382555160841709,Heriberto A Donaldson,004,11/2009,11/2023,11,3887,50600
Visa,Chase,4271304242455947,Willie C Hobbs,930,02/2012,02/2021,24,1691,108500
American Express,American Express,371973980185606,Glenda Stephens,9920,02/2017,02/2028,12,3042,194500
American Express,American Express,341610175993363,Dawn Thornton,7160,02/2017,02/2026,7,1575,96000
Discover,Discover,6011336244325074,Travis A Mcgee,347,08/2012,08/2015,24,7590,138600
American Express,American Express,372180939579660,Kathryn N Vasquez,2943,02/2012,02/2018,20,6579,91900
Japan Credit Bureau,JCB,3538659913914808,Kent X Barlow,056,08/2011,08/2016,10,2882,119600
Master Card,Chase,5102339652938349,Tammy Y Wall,986,08/2013,08/2028,9,1041,171900
Diners Club International,Diners Club,30137434670182,Guadalupe V Barlow,090,11/2007,11/2015,12,4731,24400
Visa,GE Capital,4082240325389448,Ana U Hubbard,118,07/2010,07/2012,5,1039,142300
Japan Credit Bureau,JCB,3585712232565785,Terrence V Horn,728,02/2017,02/2032,23,4356,132600
Visa,USAA,4725178921026324,Clarence Bray,752,06/2012,06/2017,20,4550,68100
Discover,Discover,6440766843625618,Esperanza T Hall,707,05/2010,05/2030,4,2906,197200
Japan Credit Bureau,JCB,3546229716693098,Carrie V Schroeder,455,01/2016,01/2034,9,2902,86700
Visa,Bank of America,4155228798497246,Kathryn Morton,669,09/2009,09/2019,16,2099,98800
Master Card,Bank of America,5161569377404866,Roberta M Russell,309,02/2008,02/2024,25,3825,58300
American Express,American Express,341461560633838,Ruben Lynch,1206,12/2010,12/2013,11,0076,38600
Japan Credit Bureau,JCB,3544587926546832,Carol Owen,767,02/2010,02/2021,12,8915,34000
Discover,Discover,6011024098475050,Jerrold Schwartz,172,06/2010,06/2023,2,3997,179000
Diners Club International,Diners Club,30930313668388,Dean King,524,01/2010,01/2013,12,0830,98800
Japan Credit Bureau,JCB,3576308256142998,Erwin I Stafford,781,01/2015,01/2017,1,3468,71000
Master Card,Capital One,5447200931872846,Timothy Sampson,366,05/2008,05/2016,4,8019,92200
Discover,Discover,6011042662446877,Marian Q England,761,07/2017,07/2029,5,1344,155900
Master Card,Capital One,5493012878510534,Debbie K Cunningham,929,06/2010,06/2023,15,7307,141400
Visa,PNC,4190273189893402,Carey Y Galloway,248,08/2012,08/2015,24,0982,71400
Diners Club International,Diners Club,38684945532320,Jesus D Frank,116,02/2010,02/2018,12,7138,134400
Diners Club International,Diners Club,36662644804663,Tyree V Williamson,605,11/2014,11/2017,6,1499,137200
Diners Club International,Diners Club,30940175014506,Ray J Fry,441,07/2008,07/2023,26,6804,111800
Japan Credit Bureau,JCB,3531398635076870,Reid T Mueller,536,01/2012,01/2020,10,5101,84300
American Express,American Express,371039574010913,Joanne Mayo,2367,01/2012,01/2014,6,9453,181300
Discover,Discover,6011865083713842,Gale T Winters,541,11/2012,11/2025,12,3043,167400
American Express,USAA,379531652917094,Martin N Stafford,6964,05/2015,05/2034,22,9207,126600
Diners Club International,Diners Club,30978865968938,Kennith N Shepherd,261,04/2007,04/2014,15,9290,151500
Japan Credit Bureau,JCB,3536642895832190,Christine Pennington,753,10/2016,10/2026,19,5187,72100
Discover,Discover,6465133877913685,Melissa Walton,032,04/2015,04/2018,12,3431,75400
Master Card,GE Capital,5390234951584194,Robert T Acosta,906,02/2015,02/2026,28,7771,187900
Japan Credit Bureau,JCB,3543150080507610,Janice B Holt,317,10/2014,10/2021,8,6911,89000
Master Card,Citibank,5407126714404994,Florence Burt,149,08/2009,08/2015,13,4885,132600
Diners Club International,Diners Club,39815658238445,Debora U Hart,469,01/2013,01/2021,4,9154,131500
Visa,Chase,4441311297848335,Dorothy Q Shepherd,637,03/2011,03/2024,21,8651,114300
Diners Club International,Diners Club,30538480147944,Geneva Nunez,698,09/2008,09/2015,20,2622,72800
Japan Credit Bureau,JCB,3586737343955434,Wendy I Todd,287,01/2014,01/2024,16,5196,180000
Master Card,Chase,5149256903423613,Sang Q Savage,837,04/2012,04/2025,22,8391,40600
Master Card,Chase,5179726011949413,Brandon F Harding,656,10/2011,10/2031,4,2935,90600
Discover,Discover,6011272908477903,Lindsey F Oneill,189,02/2007,02/2025,26,6288,130300
Japan Credit Bureau,JCB,3551264218690674,Shannon P Hess,165,05/2014,05/2032,2,7152,96300
Japan Credit Bureau,JCB,3551008995278322,Rosie M Goodman,495,03/2016,03/2031,6,6167,73400
Diners Club International,Diners Club,30331153245462,Maurice Love,643,12/2013,12/2026,10,1172,124400
Master Card,Citibank,5173537662828343,Tracey X Whitney,970,07/2013,07/2025,25,9382,60200
Master Card,Capital One,5280758371758742,Hector A Justice,239,01/2017,01/2023,8,6953,69000
Master Card,Citibank,5132603403271894,Concepcion Holmes,070,07/2007,07/2020,15,2009,154600
Diners Club International,Diners Club,30516246407224,Frances N Schwartz,825,05/2011,05/2016,27,0406,120500
Master Card,Bank of America,5404176029120481,Shawn Hatfield,905,03/2014,03/2024,21,3898,160900
Japan Credit Bureau,JCB,3531471441509598,Patrick B Cherry,388,02/2010,02/2024,3,9247,118600
Discover,Discover,6011143806045979,Gwendolyn G Espinoza,062,03/2007,03/2008,26,0102,139600
Japan Credit Bureau,JCB,3582675066969733,Wayne I Lyons,885,10/2008,10/2013,5,3707,192100
Japan Credit Bureau,JCB,3556258727211688,Nora G Sosa,109,07/2017,07/2037,5,3753,103700
American Express,Bank of America,340359605129187,Miguel A West,3208,07/2017,07/2030,25,2907,54100
American Express,USAA,372634215424793,Edna Gordon,9122,07/2012,07/2020,20,1946,137700
Japan Credit Bureau,JCB,3546841283958330,Tyler Q Vasquez,069,07/2008,07/2020,24,2201,70600
American Express,American Express,377770308211682,Adele Dawson,6079,08/2011,08/2028,4,8693,136800
Master Card,Citibank,5493418347169101,Allen H Valdez,735,04/2012,04/2014,27,9319,46500
American Express,American Express,378578109756121,Naomi U Todd,4332,06/2012,06/2029,19,1511,123400
Discover,Discover,6011440018497463,Oscar O Brady,359,10/2012,10/2024,15,9602,82100
Japan Credit Bureau,JCB,3588926338742182,Harris A Ball,520,08/2016,08/2024,24,0702,53700
Visa,Wells Fargo,4366628118854072,Joe N Massey,235,05/2011,05/2019,4,3159,108700
Master Card,GE Capital,5470211948839173,Abe M Vasquez,795,12/2010,12/2030,18,2895,164900
Visa,Chase,4139858472644829,Joe Odom,821,07/2013,07/2033,13,9243,81400
Visa,Bank of America,4747843765351153,Delbert Merritt,494,02/2012,02/2019,25,2905,111900
Master Card,Capital One,5385439895822348,Cynthia Barlow,099,03/2017,03/2027,24,5675,193600
Visa,Chase,4263015635552310,Jack Y Romero,855,04/2013,04/2017,9,0477,130100
Discover,Discover,6011114005719482,Shannon U Martin,801,03/2010,03/2015,9,3608,144100
Japan Credit Bureau,JCB,3544807997072843,Raymundo Woods,374,08/2010,08/2014,22,0976,96400
Master Card,USAA,5129740665510950,Stacy F Moody,410,03/2011,03/2017,25,0468,149600
Visa,Chase,4926464144833887,Deandre Silva,828,04/2015,04/2032,10,1578,10300
Visa,GE Capital,4050314529124881,Wanda A Villarreal,200,07/2011,07/2020,27,6361,165600
American Express,American Express,345143718692413,Eleanor E Lott,9275,01/2012,01/2025,17,7045,143200
Visa,Barclays,4158333201695282,Veronica G Donovan,742,06/2010,06/2025,8,1775,103900
Japan Credit Bureau,JCB,3557712848696051,Tyson X Fletcher,115,07/2012,07/2017,21,1614,101500
Discover,Discover,6509042780688490,Nancy B James,081,02/2017,02/2031,11,6881,77600
Discover,Discover,6011999546705192,Royce Nicholson,686,08/2011,08/2023,28,6102,88200
American Express,American Express,370890461739639,Vanessa Glass,1506,06/2010,06/2017,13,5249,132500
Visa,Chase,4529322498800491,Isabella Richmond,128,01/2014,01/2019,7,1752,92300
Master Card,Chase,5385820293252149,Tiffany Spence,697,03/2007,03/2021,26,7290,113000
Master Card,Chase,5475676257222358,Arron C Reyes,128,08/2017,08/2037,10,4907,195400
Visa,Chase,4720528547409665,Nicholas Swanson,190,09/2009,09/2025,17,1239,168200
Discover,Discover,6555813517435600,Elaine Hurst,135,11/2012,11/2026,11,9068,101000
Visa,Chase,4301771965720513,Derek P Castaneda,906,10/2017,10/2032,27,1985,167000
Japan Credit Bureau,JCB,3565892707550167,Kaitlin Sawyer,663,10/2014,10/2022,7,3392,31000
Discover,Discover,6011757026079383,Mildred P Dillon,024,08/2016,08/2021,10,0573,146400
Discover,Discover,6011147149191036,Carson J Atkins,768,06/2015,06/2029,11,9202,48400
Visa,USAA,4448589717823151,Tracy K Curry,384,07/2012,07/2025,14,9672,156300
Diners Club International,Diners Club,30219939071783,Charlie Y Pollard,832,12/2011,12/2031,3,8568,46300
Discover,Discover,6011616898872715,Floyd Harris,166,09/2013,09/2014,16,2840,197900
Discover,Discover,6011382579073798,Millicent Q Sellers,861,07/2012,07/2020,18,1515,29000
Japan Credit Bureau,JCB,3558768337574604,Gerald Q Burke,924,05/2013,05/2017,9,7891,46300
American Express,USAA,348671918227728,Verna Juarez,8345,03/2015,03/2019,7,0935,167300
Master Card,Chase,5369411698078527,Frank K Mitchell,686,02/2008,02/2027,17,7168,129200
Diners Club International,Diners Club,30964572067248,Grant M Glover,981,01/2017,01/2031,5,6746,160300
Visa,Chase,4982323103553830,Martin T Solis,821,08/2014,08/2028,3,0054,115100
Diners Club International,Diners Club,30196656381571,Xavier N Kidd,158,11/2011,11/2028,3,3383,141900
Japan Credit Bureau,JCB,3531885056984335,Gail K Lloyd,777,05/2010,05/2011,18,5509,90700
Visa,Chase,4988557945041553,Harrison S Hopkins,331,08/2012,08/2027,14,7164,97600
Japan Credit Bureau,JCB,3532906818938945,Paula K Huber,307,03/2009,03/2010,3,4973,124900
Visa,Chase,4871478235842990,Alexandria Griffin,667,02/2016,02/2021,15,2603,124900
Diners Club International,Diners Club,36811796879821,Kristen L Lynch,680,12/2011,12/2018,9,8418,152200
American Express,USAA,373015970610884,Liza P Bishop,9995,01/2008,01/2027,20,9231,118900
Diners Club International,Diners Club,30975415615365,Julia Rivera,082,10/2017,10/2028,22,8891,61500
Master Card,Capital One,5223797152084555,Brad H Taylor,273,03/2013,03/2033,18,2990,170700
American Express,USAA,376384907465136,Grace P Henry,6688,12/2010,12/2023,20,3334,115400
American Express,U.S. Bancorp,346916498207349,Dena N Chapman,2319,11/2008,11/2011,24,8753,165300
Discover,Discover,6011378855997981,Peter U Griffin,424,05/2009,05/2018,27,0014,161300
Discover,Discover,6011144891038648,Lindsey Q Maldonado,688,12/2007,12/2018,19,3050,152300
Visa,Bank of America,4721166151773404,Gregory O Weber,424,05/2012,05/2019,7,5363,135200
Visa,Wells Fargo,4282165028603035,Yvette B Colon,050,11/2014,11/2033,11,8539,69500
Japan Credit Bureau,JCB,3547762244457890,Linda M Larson,264,11/2014,11/2023,25,5543,34900
Diners Club International,Diners Club,30956737632494,Trent Mcbride,057,06/2010,06/2021,9,4308,109400
Discover,Discover,6011376540400668,Stephanie L Sawyer,279,07/2014,07/2031,11,0557,56900
Master Card,Chase,5177825555744180,Robin Y Wilkinson,852,10/2010,10/2023,6,8554,22500
Visa,Chase,4743272573628848,Jacqueline Hess,760,04/2014,04/2029,27,1203,119400
Discover,Discover,6011020951233040,Joyce Q Fletcher,816,12/2016,12/2029,26,2711,73000
Japan Credit Bureau,JCB,3561811174348685,Daniel S Wiggins,163,04/2009,04/2026,3,1698,132000
Visa,Bank of America,4336869775445872,Shane I Holder,812,06/2016,06/2030,12,8580,136500
Discover,Discover,6537760232421600,Heather T Foster,558,08/2013,08/2030,11,3277,137200
Master Card,Chase,5481508027341048,Aimee T Flowers,919,12/2011,12/2027,16,2537,127800
Discover,Discover,6011212437432227,Clara Ross,115,07/2011,07/2015,22,6578,71100
Master Card,Citibank,5147533948629699,Kelli B Kirk,687,04/2011,04/2019,1,3368,56500
Discover,Discover,6011938070625756,Joanne Massey,383,01/2017,01/2021,5,3135,72800
Visa,First National,4561274193589847,Elsie P Richardson,423,10/2008,10/2010,19,2801,141700
Diners Club International,Diners Club,30994258176765,Charlotte Jensen,616,09/2009,09/2026,9,8778,44500
Discover,Discover,6463138662067417,Ruben B Navarro,034,05/2008,05/2026,6,0296,138600
Visa,Chase,4273609588271593,Chad P Cardenas,225,07/2011,07/2025,14,4265,57300
Master Card,Citibank,5411567642988166,Jamie Graves,672,02/2010,02/2026,10,6159,113600
Diners Club International,Diners Club,30227360516929,Victoria Walton,617,07/2017,07/2020,18,0952,20000
Visa,Citibank,4934978110184025,Mayra Reilly,173,07/2008,07/2010,10,9527,16000
Master Card,Bank of America,5379034321942535,Arthur David,821,02/2007,02/2018,2,1809,109900
Master Card,U.S. Bancorp,5232638643818152,Theron G Hendrix,544,11/2017,11/2034,26,0317,188000
Diners Club International,Diners Club,30248162214505,Jimmy Hawkins,595,04/2016,04/2021,7,0609,98500
Diners Club International,Diners Club,39150729322071,Jeri G Clements,172,05/2007,05/2017,27,6662,63400
Discover,Discover,6011550786355543,Vincent B Cummings,782,11/2011,11/2017,3,4587,116900
Japan Credit Bureau,JCB,3547912532740768,Emil S Reilly,783,09/2016,09/2033,12,1936,147300
Visa,GE Capital,4520644008197780,Ralph S Grant,344,02/2010,02/2026,4,8392,136800
Japan Credit Bureau,JCB,3545591988504928,Marlin Blanchard,647,09/2014,09/2023,5,7897,56800
Visa,Wells Fargo,4521068739714409,Tim N Glenn,412,07/2008,07/2015,3,9634,48900
Japan Credit Bureau,JCB,3553016158383563,Pamela F Hogan,549,12/2013,12/2028,23,3037,92000
Japan Credit Bureau,JCB,3552962304498865,Tom P Guerrero,780,10/2011,10/2013,26,8858,178400
Master Card,Barclays,5292506132863525,Forest Talley,243,10/2012,10/2022,4,7682,163300
Discover,Discover,6011007943694991,Sue Mcpherson,449,06/2013,06/2022,10,9229,34600
Japan Credit Bureau,JCB,3559090696261635,Nona A Hall,049,10/2012,10/2029,27,9912,27500
American Express,American Express,372712403063308,Phillip S Wiley,6324,01/2008,01/2011,8,3765,170800
Visa,Barclays,4521721660319537,Louie Hale,605,05/2010,05/2029,28,8873,76100
Discover,Discover,6011109154039054,Eleanor French,271,12/2010,12/2022,6,0424,102900
Discover,Discover,6011365073087711,Adolph E Flowers,423,08/2015,08/2018,6,4522,69500
Japan Credit Bureau,JCB,3575225100769324,Cindy I Walton,278,08/2007,08/2012,13,7846,111900
American Express,American Express,370764762543141,Cary Montoya,2535,07/2009,07/2029,27,5391,99300
Master Card,Bank of America,5320345586869969,Julia E Parker,209,03/2015,03/2018,1,7080,161800
Master Card,Barclays,5288958120555231,Erma T Schneider,827,12/2017,12/2036,28,8412,125900
Master Card,Chase,5127519902628557,Ramon Justice,512,06/2013,06/2027,11,7096,52100
Japan Credit Bureau,JCB,3548109996194934,Maurice Zimmerman,572,04/2010,04/2028,13,7381,187900
Japan Credit Bureau,JCB,3532155605493363,Carmen Church,242,05/2011,05/2014,5,4397,24900
Diners Club International,Diners Club,36834051635878,Clifton E Strong,709,11/2007,11/2016,28,9112,196800
Visa,Citibank,4424021067858064,Jennifer W Kelly,809,05/2013,05/2030,15,9550,145600
Japan Credit Bureau,JCB,3549775120749089,Brad Buckley,246,09/2011,09/2013,26,8859,177100
Japan Credit Bureau,JCB,3565564569192095,Thelma Wilkins,145,07/2008,07/2027,4,5940,56600
Diners Club International,Diners Club,30237230127062,Elena A Mooney,953,10/2016,10/2017,1,9044,151800
Master Card,USAA,5376261903749227,Chris W Herrera,568,02/2010,02/2012,17,8565,177500
Visa,Bank of America,4702219823479299,Colin Hickman,312,03/2013,03/2020,15,7879,57800
Master Card,Chase,5318906985241037,Darlene O Berg,526,06/2013,06/2017,9,3179,152700
Discover,Discover,6011177150500684,Morgan G Becker,924,05/2016,05/2022,22,6929,125200
American Express,Bank of America,342498891441423,Nicole D Trujillo,5212,03/2016,03/2032,24,8604,89600
Visa,Wells Fargo,4439426555066117,Milagros Brooks,065,01/2007,01/2010,8,9183,111200
Visa,Barclays,4134586640018866,Annie M Wells,336,11/2008,11/2022,13,7513,100200
Diners Club International,Diners Club,30398969337098,Les I Pugh,886,08/2008,08/2010,10,1694,197900
Japan Credit Bureau,JCB,3569373364059277,Lynn Y Mckenzie,239,07/2017,07/2026,10,3510,174100
Discover,Discover,6011502125114156,Arnulfo P Richards,876,05/2007,05/2015,10,9357,138600
American Express,American Express,345260046483644,Christopher Dorsey,4049,04/2013,04/2032,26,4804,173900
Diners Club International,Diners Club,30997187813408,Blanche H Padilla,750,04/2011,04/2022,9,8877,127100
Master Card,Capital One,5218306081073858,Derrick O Manning,332,08/2010,08/2014,22,7297,172700
Japan Credit Bureau,JCB,3576297460125339,Lea Dixon,894,09/2014,09/2021,17,4493,70700
Diners Club International,Diners Club,30064880029871,Connie J Witt,260,03/2009,03/2023,24,2409,70600
Japan Credit Bureau,JCB,3579172870895705,Don E Barrera,012,08/2008,08/2026,21,9532,74500
Diners Club International,Diners Club,30286822378443,Melvin V Sanford,097,11/2008,11/2024,1,7424,135700
Diners Club International,Diners Club,30029650993275,Parker Dale,471,12/2014,12/2027,14,0336,54100
American Express,U.S. Bancorp,345649656280649,Willie A Dunlap,8070,06/2012,06/2029,19,8709,170900
Discover,Discover,6464465139214358,Kris G Glenn,236,06/2012,06/2017,26,1639,50000
Discover,Discover,6011494423279081,Monica N Brooks,147,06/2012,06/2014,20,0578,187000
Master Card,Chase,5187038692606639,Ilene Cannon,942,05/2012,05/2015,4,4950,13800
Japan Credit Bureau,JCB,3580169478384022,Zachary S Bernard,600,05/2009,05/2020,27,5144,188400
Japan Credit Bureau,JCB,3560314440276955,Kirk Sanford,330,11/2016,11/2025,23,4007,165100
Diners Club International,Diners Club,30056495855047,Sam Z Shaw,137,10/2013,10/2029,5,0956,147000
American Express,American Express,375124548530612,Keven Z Mullins,7608,08/2007,08/2026,16,3867,25300
Discover,Discover,6596808919636145,Carolyn M Manning,991,03/2016,03/2025,8,0739,146200
American Express,American Express,341782897997749,Helene X Stevens,2699,02/2016,02/2027,4,2682,172000
Master Card,Bank of America,5486238526910557,Lewis F Langley,747,11/2012,11/2024,17,1047,153400
Discover,Discover,6011549186947206,Arthur Moon,168,12/2009,12/2029,12,7747,162900
Japan Credit Bureau,JCB,3544483888984981,Bonnie Diaz,381,11/2010,11/2018,18,9141,71300
American Express,U.S. Bancorp,341240671489136,Desiree Y Floyd,7143,02/2016,02/2023,15,9852,191200
Master Card,Wells Fargo,5471270461511295,Sue M Rios,877,09/2008,09/2010,8,4911,188900
Visa,Chase,4588847924589613,Ricky Trevino,776,01/2015,01/2027,20,2532,15000
Discover,Discover,6558661712161209,Clara W Miller,749,01/2014,01/2023,23,8145,116700
Master Card,Citibank,5447925714842190,Bridget V Greene,975,05/2015,05/2016,2,5253,156400
Diners Club International,Diners Club,30208285006949,Earl Z Shepard,405,09/2012,09/2025,14,3964,36400
American Express,Bank of America,342770067856422,Karyn Campbell,0240,01/2013,01/2023,24,2107,149400
American Express,U.S. Bancorp,372537074986614,Jeff Anderson,9579,03/2010,03/2022,10,1730,159800
Diners Club International,Diners Club,30343704050887,Dionne P Watson,350,01/2007,01/2017,24,0078,67000
Master Card,Bank of America,5446851043467379,Florence A Palmer,605,08/2014,08/2030,5,5253,43000
Visa,Cabela’s WFB,4750034941680012,Angelique S Thornton,744,02/2011,02/2030,2,3447,12400
Visa,Chase,4456574513508981,Travis Albert,711,04/2012,04/2024,11,4585,19600
Japan Credit Bureau,JCB,3555148238705354,Diego Rutledge,680,08/2014,08/2019,2,3380,97400
Visa,PNC,4742910991960381,Danielle Estrada,187,10/2010,10/2020,3,2243,29200
Discover,Discover,6011192428791072,Cedric F Bennett,018,06/2012,06/2015,27,4285,59200
American Express,American Express,378724513099001,Bernice P Wells,9585,05/2016,05/2018,26,9146,101200
Visa,U.S. Bancorp,4921444698322292,Sean Patrick,343,03/2007,03/2016,2,0981,185000
American Express,American Express,340715708171311,Teresa Cleveland,8300,05/2011,05/2014,11,8098,147600
Visa,Citibank,4184486442979853,Madeleine K Mcmillan,347,11/2009,11/2028,8,3257,128600
Japan Credit Bureau,JCB,3584737221595734,Juan T Mcintyre,055,07/2008,07/2027,14,5122,186800
American Express,Bank of America,373872575304291,Vonda Jacobs,4225,01/2010,01/2014,28,6873,44300
Visa,PNC,4008940065953995,Elaine H Puckett,173,10/2014,10/2017,2,1457,78200
Master Card,Bank of America,5298845415933140,Brooke Vincent,994,11/2017,11/2033,3,2567,147400
Diners Club International,Diners Club,30959994692029,Rebecca P Valdez,192,05/2012,05/2032,21,1530,175500
Diners Club International,Diners Club,30502271769126,Colby S Blanchard,070,10/2015,10/2035,10,7134,180300
Japan Credit Bureau,JCB,3548882192566994,Lillian Gordon,851,01/2007,01/2022,26,4721,171600
Discover,Discover,6011270894746323,Jodi X Kelley,370,11/2013,11/2028,2,3138,121200
Visa,Chase,4138316098548107,Samuel H Lopez,525,02/2007,02/2018,17,1225,109800
Master Card,Chase,5149325838194050,Bret Robbins,196,02/2014,02/2029,28,6323,97200
Visa,Chase,4311072776187176,Walter G Massey,970,04/2007,04/2024,20,4832,168900
Diners Club International,Diners Club,36641639669513,Young Edwards,217,11/2007,11/2009,26,2271,173200
Diners Club International,Diners Club,30376399415783,Jeanette Cannon,570,09/2007,09/2008,12,7930,59900
Visa,Chase,4675539018854599,Patrick Cantu,173,03/2017,03/2029,8,6394,166400
Visa,GE Capital,4479155106831981,Joyce Q Parks,134,09/2017,09/2023,15,6553,60200
Japan Credit Bureau,JCB,3559740042176263,May W Cain,950,05/2014,05/2033,15,3799,59900
American Express,American Express,345065114389825,Mark M Barry,1141,08/2008,08/2023,18,5770,55300
Visa,Chase,4811180480349357,Shirley Farley,972,05/2017,05/2024,19,8101,121300
Diners Club International,Diners Club,30569756365399,Vincent L Walker,588,09/2017,09/2028,12,8252,39900
Diners Club International,Diners Club,30959741583414,Mildred A Estes,892,01/2008,01/2010,22,0746,65100
American Express,American Express,373340072824575,Nancy Merrill,3052,12/2011,12/2013,11,1301,64100
Visa,Chase,4081566512143656,Louise Bird,096,02/2011,02/2029,9,4900,69400
Visa,PNC,4351251339171429,Jerome Walsh,312,11/2010,11/2012,9,0181,129700
Master Card,Chase,5303416906454278,Jenna J Mcneil,110,04/2012,04/2017,27,0479,40700
Master Card,Bank of America,5489137887081643,Louis X Silva,243,05/2013,05/2029,15,8041,19600
Master Card,Capital One,5445608660628274,Kristen A Morrow,709,06/2013,06/2019,28,9361,32400
Visa,U.S. Bancorp,4324313701375980,Margaret P Strong,728,05/2011,05/2024,4,5258,38800
Visa,Chase,4278602876053281,Stefan F Phillips,190,12/2014,12/2024,10,2370,15700
Visa,Chase,4884817532250867,Marion U Odom,396,03/2017,03/2031,3,3502,84900
Discover,Discover,6011096364869331,Sasha Q Reeves,442,07/2017,07/2024,10,2070,103600
Diners Club International,Diners Club,38737620962970,Ray V Norman,684,12/2011,12/2017,6,2348,22400
Master Card,Chase,5404604628895179,Ashley Burns,175,06/2007,06/2025,2,7948,91800
Japan Credit Bureau,JCB,3579183493360019,Renee Sherman,780,12/2007,12/2015,17,8724,14000
Master Card,Capital One,5174060060079228,Carmen Duran,812,11/2013,11/2022,10,3038,82100
Japan Credit Bureau,JCB,3577864950842951,Larry Simmons,220,08/2013,08/2015,25,2045,76600
Diners Club International,Diners Club,30296188248957,Margo T Richards,429,11/2008,11/2018,2,3556,197200
American Express,American Express,345464891767222,Donna Riley,6047,06/2016,06/2026,24,0301,81600
Japan Credit Bureau,JCB,3541404704755143,Nannie Stephenson,113,12/2012,12/2022,2,5605,106100
Master Card,Bank of America,5358127276042973,Esther V Wade,314,08/2013,08/2027,12,4953,131900
Japan Credit Bureau,JCB,3535401586999839,Daniel L Wilkerson,772,02/2007,02/2014,15,5508,77600
Visa,Cabela’s WFB,4775561434437600,Tom H Rocha,653,12/2017,12/2037,3,4916,159500
Diners Club International,Diners Club,30554244281283,Penelope J Petty,051,06/2014,06/2023,13,2847,192000
Discover,Discover,6011622174885991,Patrick E Hampton,543,07/2009,07/2015,7,2466,103000
Japan Credit Bureau,JCB,3536030512782123,Corrine O Wolf,764,06/2010,06/2012,15,7746,95300
Visa,U.S. Bancorp,4562000856436730,Marvin Hoffman,635,04/2016,04/2032,3,6370,170900
Master Card,Bank of America,5291936202205714,Robbie N Mosley,938,01/2015,01/2027,19,6485,12100
Discover,Discover,6011168347940511,Rodney P Galloway,008,07/2011,07/2031,3,0052,177500
Japan Credit Bureau,JCB,3569883504217999,Brad Brennan,764,07/2010,07/2020,19,1993,174600
Discover,Discover,6011930972311007,Elsie J Hansen,395,10/2015,10/2028,23,5116,22000
Diners Club International,Diners Club,30120433730256,Bryan V Rivers,156,12/2012,12/2024,15,8285,49400
American Express,American Express,376243491028280,Bruce Mejia,8617,02/2008,02/2013,26,3031,10900
Master Card,Capital One,5337874211793048,Marlene Delaney,430,01/2008,01/2019,8,0413,125600
Master Card,GE Capital,5166836674661828,Troy Pace,563,05/2015,05/2017,28,0289,151600
Master Card,Capital One,5193118224991907,Janell W Barron,297,11/2016,11/2020,5,3973,139800
Discover,Discover,6562999062671375,Jesus Castillo,791,10/2009,10/2020,17,4858,60000
Diners Club International,Diners Club,39637713756629,Arlene X Osborne,243,05/2011,05/2019,20,0765,15700
Visa,Chase,4193539814828196,Beverly V Garner,002,02/2014,02/2016,12,4233,37300
Master Card,Citibank,5213817098453698,Billie Ellison,991,05/2011,05/2031,28,9632,152000
Discover,Discover,6553700578104237,Zachary H Patterson,561,05/2014,05/2021,6,7903,112600
Discover,Discover,6011623165099907,Alisha O Powell,641,11/2012,11/2031,27,4062,17600
Visa,Chase,4438321101113607,Katherine G Mooney,740,11/2014,11/2022,26,9541,170200
Diners Club International,Diners Club,30070672851315,Anthony Prince,217,09/2012,09/2022,27,0614,145100
Diners Club International,Diners Club,30590237763457,Regina K Haynes,998,03/2016,03/2027,6,6737,146100
Diners Club International,Diners Club,30455623132792,Clifton U Burgess,549,02/2017,02/2029,13,4722,115900
Japan Credit Bureau,JCB,3565274963256104,Edna V Conner,964,06/2009,06/2021,2,8580,86000
Master Card,USAA,5190200002162621,Louisa Z Shelton,612,08/2010,08/2015,26,2945,193100
Master Card,Bank of America,5364100353616342,Cynthia Rios,057,12/2010,12/2024,11,3905,93100
Master Card,USAA,5244893852843526,Eleanor W Bryant,386,04/2012,04/2029,3,3229,50200
Master Card,Capital One,5258979400617786,Louise B Ramsey,343,10/2013,10/2033,25,5521,55100
Master Card,Citibank,5466701556562345,Lorraine B Andrews,633,05/2014,05/2030,11,7232,67200
Japan Credit Bureau,JCB,3569992085784291,Christopher A Peterson,145,02/2015,02/2033,13,8215,33600
Visa,Bank of America,4304246666111301,Teddy V Mcconnell,272,12/2009,12/2026,20,1289,66600
American Express,U.S. Bancorp,346419304319481,Laurie B Carr,6872,04/2010,04/2015,24,0875,158600
Visa,PNC,4341590208120808,Caitlin M Doyle,104,09/2009,09/2028,13,5067,106200
Japan Credit Bureau,JCB,3579007076085646,Craig Jensen,147,08/2008,08/2022,12,5514,56500
Visa,Chase,4439512103909112,James W Merrill,872,07/2013,07/2023,12,9482,196300
Discover,Discover,6227278733198044,Henry Q Spence,438,11/2008,11/2022,5,8524,172600
Diners Club International,Diners Club,30900399680466,Rolando Q Simmons,881,10/2009,10/2015,3,7934,43000
Master Card,Bank of America,5382407316624661,Elizabeth O Knapp,273,10/2017,10/2025,21,1972,166600
Discover,Discover,6455187856423225,Shawn L Andrews,613,12/2013,12/2020,22,7425,151200
Discover,Discover,6455882346163767,Loretta X Gutierrez,530,06/2012,06/2023,10,5246,70200
Japan Credit Bureau,JCB,3570352114617714,Cameron B Ellis,560,10/2015,10/2017,14,8619,160500
American Express,Bank of America,344683956218034,Nicole Farley,2250,01/2009,01/2018,8,9863,50500
Diners Club International,Diners Club,30289568411071,Gabrielle K Gray,368,09/2007,09/2016,13,6420,28000
Japan Credit Bureau,JCB,3574563855994460,Jane X Phillips,601,09/2015,09/2027,23,2755,190800
Discover,Discover,6489838127315828,Morgan Browning,424,05/2009,05/2014,22,5109,22700
American Express,American Express,378217692602539,Lorraine D Smith,3099,10/2008,10/2015,23,5845,29800
Japan Credit Bureau,JCB,3546698768958288,Horacio E Strong,015,07/2008,07/2017,27,4618,109400
Master Card,Capital One,5449982089048869,Erica X Prince,421,04/2015,04/2033,2,2225,126100
Diners Club International,Diners Club,30956888965750,Tabitha S Bernard,124,01/2009,01/2022,28,7004,105700
Diners Club International,Diners Club,30253919505353,Jacqueline Pierce,161,08/2010,08/2018,15,1743,161300
American Express,American Express,376889266054909,Judith B Clark,3984,03/2012,03/2016,27,4672,142100
Master Card,Capital One,5377481132023777,Brittany G Buchanan,918,07/2011,07/2016,25,1325,125400
Visa,Chase,4084487332066323,Prince L Velazquez,449,10/2011,10/2024,9,4423,54100
Diners Club International,Diners Club,30964084608612,Tyler Mack,464,07/2009,07/2011,6,7828,144700
Diners Club International,Diners Club,36691405880653,Ignacio R Preston,157,02/2007,02/2009,4,3890,183200
American Express,American Express,342760243725971,Jane D Montoya,8782,08/2010,08/2011,26,3750,76200
Master Card,Bank of America,5463295207088605,Casey Y Benson,330,10/2016,10/2036,15,9408,26700
Visa,Chase,4255819760235132,Mario Z Bishop,941,08/2008,08/2021,25,8600,38500
Discover,Discover,6011284891862413,Lynda P Mcknight,287,10/2013,10/2022,13,6899,163900
American Express,American Express,347901471202961,Charlotte Harvey,6418,08/2007,08/2016,9,1250,54400
Visa,Chase,4795996555066067,Joshua B Fischer,721,02/2007,02/2022,18,9829,188300
Diners Club International,Diners Club,30352881076730,Brittany D Henson,172,12/2009,12/2021,23,1069,73000
Japan Credit Bureau,JCB,3580092458413555,Madeleine Beasley,490,08/2008,08/2014,6,0792,70600
Diners Club International,Diners Club,30219265437723,Pamela T Reeves,080,01/2007,01/2021,25,8165,160400
Diners Club International,Diners Club,30917028542917,Rosanna Parker,339,06/2012,06/2024,26,5795,59300
Diners Club International,Diners Club,30544766233945,Timothy Hess,279,07/2017,07/2032,15,5536,130600
Japan Credit Bureau,JCB,3530581425609866,Ruthie W Ayers,471,10/2009,10/2027,22,2794,173400
Diners Club International,Diners Club,30014805502593,Luis Y Burns,179,07/2007,07/2021,6,8453,23400
American Express,U.S. Bancorp,346296596307279,Stuart K Morton,3541,07/2016,07/2025,28,8557,194000
Diners Club International,Diners Club,30039151508290,Eric F Phelps,803,11/2010,11/2023,8,8875,33400
Visa,Citibank,4579864922119559,Herminia D Collier,028,11/2012,11/2023,13,0408,162000
Visa,Chase,4322940139592927,Doris Burns,247,03/2009,03/2027,8,5222,63300
American Express,American Express,340133193480553,Ernest K Parrish,6105,05/2016,05/2020,14,1913,104300
American Express,American Express,370208182412941,Norma C Hicks,7247,04/2011,04/2028,21,0311,69500
Discover,Discover,6224882140739234,Carrie C Cochran,421,02/2010,02/2018,14,4080,39700
Diners Club International,Diners Club,38599160071749,Lester W Mcbride,193,02/2013,02/2023,8,2763,139900
American Express,American Express,374510676897537,Antone Mcmahon,6736,11/2007,11/2024,16,6120,33100
Visa,Chase,4302235786846104,Randall Davidson,653,04/2013,04/2027,21,9707,45200
American Express,American Express,343884029810994,Summer G Heath,8392,03/2013,03/2025,10,2351,114200
American Express,American Express,374538046148828,Timothy C Velasquez,6228,09/2013,09/2026,13,1078,149500
Discover,Discover,6573980966928308,Delmar N Potter,432,01/2011,01/2023,24,4291,113300
Japan Credit Bureau,JCB,3569022573187227,Matthew X Conley,081,02/2010,02/2018,14,8339,95900
Visa,U.S. Bancorp,4837972682226924,Stacie Jordan,260,09/2008,09/2022,13,9512,86100
Master Card,USAA,5152586506480246,Fred T Compton,148,08/2013,08/2015,16,2916,99000
Diners Club International,Diners Club,30278108310307,Carlene Z Rowe,390,12/2012,12/2027,24,1311,145500
Diners Club International,Diners Club,30161746215585,Bobby I Quinn,976,06/2009,06/2012,28,2183,23800
American Express,American Express,347279559274461,Terrell Q Kelly,2275,11/2009,11/2020,22,5766,85600
Diners Club International,Diners Club,30577444733555,Rodney Decker,733,04/2009,04/2013,6,3297,38100
Japan Credit Bureau,JCB,3572602354525623,Sean House,912,02/2010,02/2011,4,5238,183100
Visa,Citibank,4752249335816745,Roberto F Brock,482,10/2016,10/2030,19,7692,13800
Master Card,Chase,5359409367304077,Isabelle J Hess,063,06/2015,06/2033,6,9877,45200
Diners Club International,Diners Club,30192427081392,Gloria H Moody,595,03/2014,03/2031,21,1552,38000
Japan Credit Bureau,JCB,3550097211114008,Lon L Warren,726,04/2010,04/2014,9,1207,24000
Japan Credit Bureau,JCB,3541269121997630,Victoria E Love,884,08/2013,08/2032,7,0078,65900
Discover,Discover,6599696053331442,Neil H Golden,337,06/2016,06/2033,19,4332,71600
Japan Credit Bureau,JCB,3569705090446080,Cheryl F Harrell,027,09/2017,09/2034,6,5848,28500
Visa,Chase,4804169549362047,Edna Q Schultz,207,05/2014,05/2029,20,7844,81200
Diners Club International,Diners Club,30280216793028,Martin Y Bates,809,03/2015,03/2019,24,4096,46000
Master Card,Bank of America,5118218633167974,Katina Y Contreras,924,04/2015,04/2034,20,2992,103800
American Express,American Express,346533186547348,William Y Boyd,2585,09/2007,09/2021,19,0221,61900
Master Card,USAA,5205851015144999,Ethel B Livingston,397,05/2012,05/2030,22,6164,19400
Master Card,Citibank,5311171117765232,Dan V Snider,826,03/2008,03/2009,14,7323,164100
Japan Credit Bureau,JCB,3566827591295171,Ora Mcmillan,310,09/2017,09/2022,13,1255,189200
Japan Credit Bureau,JCB,3576224587187539,Charles I Contreras,577,09/2014,09/2019,19,4107,54800
Visa,Chase,4014744677904418,Brandy Z Cochran,846,04/2007,04/2012,13,0982,100500
Discover,Discover,6011192200371275,Elsie L Stout,520,01/2014,01/2017,18,5937,169000
Master Card,Wells Fargo,5304049836875319,Ira Davenport,872,11/2012,11/2032,15,8705,47600
Master Card,USAA,5130384807148630,Jorge J Gates,870,11/2015,11/2032,28,4375,147600
Visa,Chase,4053155671788594,Tameka A Coffey,634,04/2009,04/2025,27,4819,105400
Japan Credit Bureau,JCB,3541019641479647,Anita B Lynn,548,11/2008,11/2026,4,3004,112100
Master Card,Chase,5308741887260302,Wm L Walsh,095,10/2014,10/2030,16,4275,12000
Master Card,Chase,5247708825246101,Bruce P Sullivan,505,11/2007,11/2024,20,9856,160800
American Express,USAA,344529944477622,Foster E Fleming,1748,12/2008,12/2013,15,4305,14300
Discover,Discover,6223165498987345,Peggy Harding,189,11/2016,11/2020,8,9254,17400
Master Card,Capital One,5232079223717433,Susan B Sandoval,722,03/2016,03/2019,17,3897,117100
Visa,Citibank,4937879753910394,Gloria G Savage,289,02/2012,02/2013,13,8376,49400
Master Card,Citibank,5335106614419307,Nicole Y Hodge,814,04/2011,04/2022,27,9091,163800
Japan Credit Bureau,JCB,3581415981589295,Cathy C Kane,336,05/2011,05/2030,9,6365,169800
Master Card,Citibank,5316761102236457,Marguerite U Griffin,993,08/2012,08/2013,1,0662,185600
Visa,Barclays,4953993346582070,Crystal Q Trujillo,691,03/2017,03/2029,26,6285,25000
Japan Credit Bureau,JCB,3579769974481066,Bennett Rich,101,02/2007,02/2022,19,3248,121600
American Express,Bank of America,372300821223199,Bernice Schneider,6602,04/2016,04/2026,28,2743,120000
Discover,Discover,6471752149071576,Deandre X Hale,142,11/2013,11/2029,17,7478,151600
Diners Club International,Diners Club,30241551305901,Joseph W Walters,737,08/2015,08/2018,17,0490,154400
Master Card,Chase,5405554201403074,Vito C Burns,844,01/2010,01/2029,22,9180,79100
Master Card,Wells Fargo,5354799824800054,Irene Mccormick,615,07/2010,07/2015,15,1805,18100
Japan Credit Bureau,JCB,3570875611306951,Kent I Hutchinson,000,10/2009,10/2020,22,2219,51900
American Express,American Express,379244460842245,Steven K Forbes,4489,03/2016,03/2021,24,2986,196500
Visa,Citibank,4200960356245493,Marguerite F Cooper,894,12/2017,12/2031,21,4026,11400
Visa,Chase,4554649855264657,Phillip Buchanan,299,08/2013,08/2027,19,2757,93900
Master Card,Bank of America,5340145672472835,Neil W York,906,08/2013,08/2017,11,5390,64600
Japan Credit Bureau,JCB,3539531696089554,Debbie N Bowman,063,05/2011,05/2026,4,7889,56500
Japan Credit Bureau,JCB,3553007606468601,Julian Vazquez,261,06/2016,06/2027,23,8568,24100
Japan Credit Bureau,JCB,3586664070411789,Tom Jensen,406,04/2016,04/2032,4,3879,184300
Discover,Discover,6454431006696939,Mary E Cardenas,119,10/2017,10/2027,10,0278,24900
Discover,Discover,6447372466099620,Jesus W Luna,470,10/2015,10/2035,14,0963,98100
Visa,Chase,4200369461200700,Cindy Y Roman,824,03/2013,03/2026,8,8637,178800
American Express,Bank of America,373253829574973,Earl X Larson,7700,01/2007,01/2010,7,8304,69700
Master Card,Wells Fargo,5473491111065452,Jared Y Lane,798,01/2007,01/2024,21,5609,129100
American Express,American Express,347645682941251,Emma Lott,3996,02/2013,02/2025,12,1654,172200
Japan Credit Bureau,JCB,3550393887886247,Yvette U Parsons,974,11/2011,11/2012,9,9018,174500
Japan Credit Bureau,JCB,3530269729578025,Jeffrey Z Leblanc,464,12/2012,12/2014,22,2300,46200
American Express,American Express,343615266611160,Elbert O Bryant,5077,06/2013,06/2018,7,0704,165300
American Express,U.S. Bancorp,371238098810291,Debra H Hickman,2730,10/2016,10/2035,22,7621,23400
Visa,Barclays,4385469808980498,Les West,397,05/2013,05/2031,26,9859,28700
Japan Credit Bureau,JCB,3540965008566809,Howard O Blackwell,464,11/2007,11/2015,6,6050,26700
American Express,American Express,340861577532314,Cheri I Love,1261,09/2009,09/2011,17,3137,122200
Visa,Chase,4555505471908284,Bonnie Avery,437,05/2012,05/2031,4,1768,125300
Diners Club International,Diners Club,38962970745524,Cora C Giles,706,10/2016,10/2035,1,5574,43700
American Express,American Express,379051225164173,Pamela X Santiago,6424,09/2010,09/2024,27,6936,18300
Japan Credit Bureau,JCB,3567217016782319,Harold Valentine,478,10/2015,10/2027,15,8891,85200
Visa,Chase,4444550776512071,Rosa W Kennedy,559,12/2008,12/2020,4,1774,90600
Japan Credit Bureau,JCB,3585084132678492,Doris Morrow,216,06/2009,06/2017,28,6251,62000
Diners Club International,Diners Club,38890514728898,Micheal U Merrill,618,02/2007,02/2024,4,5316,78000
Visa,Chase,4754169732081149,Alex Fields,681,02/2011,02/2026,19,5012,180000
American Express,Bank of America,340654617469674,Norma H Duran,0091,04/2013,04/2019,15,2125,171900
Japan Credit Bureau,JCB,3578533347884575,Desiree House,515,05/2013,05/2031,12,1560,98300
American Express,American Express,341405717535594,Henry Key,7188,02/2008,02/2021,13,2811,125800
American Express,American Express,341593429840814,Vicente Kelley,8057,01/2009,01/2019,5,4767,183700
American Express,American Express,342435061121807,Jason Poole,2528,02/2014,02/2019,25,8643,147400
American Express,American Express,340888319079734,Arnulfo L Kelley,9903,10/2013,10/2031,27,7154,69800
Master Card,Chase,5390997799884691,Chris J Donovan,823,09/2013,09/2014,8,3080,185000
Visa,Cabela’s WFB,4960688054275559,Harry Hoover,723,11/2010,11/2015,28,5301,133200
Master Card,Bank of America,5186990848879679,Regina A Buck,302,12/2013,12/2029,4,5521,155600
Visa,Chase,4543175274898085,Verna Lindsay,724,09/2014,09/2017,14,3583,142900
Discover,Discover,6011306608559196,Kimberly T Serrano,095,08/2008,08/2010,28,5105,100100
Visa,Barclays,4821394130793595,Margret K Robles,763,05/2013,05/2022,24,7790,31400
American Express,American Express,341689186962054,Victoria K Huber,6226,03/2009,03/2022,24,4852,56700
Diners Club International,Diners Club,30451067573633,Pat Taylor,414,10/2014,10/2027,24,7691,178800
Diners Club International,Diners Club,30593537495309,Brittany N Robinson,136,05/2016,05/2026,22,8974,62600
Japan Credit Bureau,JCB,3583590896339693,Susan Q Lloyd,267,04/2011,04/2021,8,0102,171400
Discover,Discover,6477421710207811,Ryan Smith,957,03/2010,03/2024,5,8661,172200
Discover,Discover,6011113983494076,Mercedes S Taylor,671,07/2010,07/2018,3,6531,175000
Discover,Discover,6011570124124260,Leroy Newton,214,01/2008,01/2018,13,4157,43700
American Express,American Express,379858664247677,Reed J Powell,5586,10/2007,10/2027,2,1949,176100
Diners Club International,Diners Club,30025529649411,Tom F Holcomb,303,12/2007,12/2017,22,3435,171100
American Express,American Express,346407306031220,Pearl A Mcpherson,6422,11/2007,11/2025,26,3764,186000
Master Card,GE Capital,5270337801661776,Floyd George,792,02/2016,02/2032,15,0290,34800
Japan Credit Bureau,JCB,3566652174860195,Randell M Richmond,965,11/2013,11/2016,17,2546,178500
Japan Credit Bureau,JCB,3572183116160736,Jimmy W Delaney,981,07/2017,07/2034,2,7155,94800
Master Card,Citibank,5322549026966958,Javier Dickson,591,09/2013,09/2029,13,8572,99900
Japan Credit Bureau,JCB,3584247690424135,Yvonne F Tyson,135,02/2013,02/2025,20,0458,145400
American Express,Bank of America,379291362895607,Darcy S Sanchez,0029,09/2008,09/2016,26,0765,146700
Master Card,Chase,5403902121452238,Brenda R Mcgowan,797,05/2014,05/2029,24,8829,98100
Visa,Wells Fargo,4739140650626397,Jermaine M Gonzales,738,07/2017,07/2024,1,7059,33900
Discover,Discover,6011309406953017,Grace P Kane,004,03/2013,03/2020,12,6974,178800
Visa,Wells Fargo,4501257982250609,Julie O Baker,240,11/2016,11/2022,20,7793,17700
Visa,Chase,4598611713910382,Dawn Dominguez,331,04/2013,04/2020,27,0520,48900
American Express,American Express,347986953449982,Eddie L Duncan,3060,06/2017,06/2034,19,6158,16200
Diners Club International,Diners Club,30301399778345,Virginia Strong,109,12/2013,12/2022,24,9659,14700
Master Card,Capital One,5227910642949206,Jodie R Barrera,494,05/2016,05/2032,15,2288,69000
American Express,American Express,379061703849328,Alex X Adkins,9388,03/2008,03/2015,9,1880,125000
Diners Club International,Diners Club,30451982794116,Kelly Z Dominguez,872,07/2016,07/2027,6,0041,95900
Master Card,Bank of America,5270011167820850,Joel Z Walton,577,06/2015,06/2034,26,6627,40200
American Express,Bank of America,370985820340820,Gerry Merritt,4252,09/2009,09/2023,19,8036,196600
Visa,Chase,4018330098346953,Ethel A Wall,228,07/2016,07/2032,5,7179,127600
Japan Credit Bureau,JCB,3587025271830921,Hannah R Colon,046,05/2012,05/2025,8,9019,120300
Japan Credit Bureau,JCB,3562132717636893,Melanie M Dodson,406,08/2013,08/2016,24,7565,107500
Visa,Chase,4555559545817203,Melinda X Keith,997,12/2013,12/2015,16,4104,191000
American Express,American Express,370515728822296,Amy N Hodge,2252,07/2007,07/2020,20,4838,174000
American Express,U.S. Bancorp,341030000617436,Debora C Church,2832,06/2012,06/2025,2,0956,130200
American Express,American Express,344720138565054,Eleanor Head,9103,01/2017,01/2035,17,9510,58800
Diners Club International,Diners Club,39838296967019,Kurtis J Figueroa,886,07/2017,07/2029,9,7499,61400
Diners Club International,Diners Club,30277472375094,Beverly R Hess,950,03/2011,03/2013,20,9460,105900
American Express,Bank of America,340707843702514,Joan V Mejia,2052,07/2013,07/2026,20,5169,41500
Diners Club International,Diners Club,30574956435588,Patrick Z Stafford,996,07/2015,07/2023,28,5137,110600
Master Card,Capital One,5169146037439442,Buddy J Higgins,407,11/2008,11/2011,18,8324,26600
Master Card,Bank of America,5459811295382936,Jeffery Puckett,661,02/2010,02/2027,18,6361,87000
Discover,Discover,6011245728624516,Gabriel F Wall,533,01/2013,01/2026,12,8835,135800
Diners Club International,Diners Club,30337762986297,Catherine N Franklin,581,06/2012,06/2013,17,3537,142600
Master Card,Bank of America,5302425016513767,Garrett N Stewart,634,08/2012,08/2030,20,7435,173300
Japan Credit Bureau,JCB,3557220842262318,Adam G Leblanc,500,11/2008,11/2022,24,8600,106400
Master Card,Chase,5324117337952345,Ollie F Whitley,434,12/2010,12/2028,20,5900,77100
Discover,Discover,6011450510649362,Keith William,492,11/2016,11/2034,10,3495,177000
Discover,Discover,6011644533621230,Mickey C Hatfield,361,09/2011,09/2021,25,6596,162200
Diners Club International,Diners Club,36107164173115,Jack H Simmons,649,02/2011,02/2021,4,6512,101000
Japan Credit Bureau,JCB,3536552648010871,Andrew Daniel,282,03/2013,03/2033,19,8485,67200
American Express,American Express,346488574071023,Brittany A Guerra,7990,08/2013,08/2030,3,9278,143100
American Express,American Express,374421696679980,Stacie W Good,2251,01/2009,01/2010,21,1133,122000
Discover,Discover,6011780635923239,Andrea F Vance,267,11/2007,11/2010,14,9739,124100
American Express,USAA,379013403288828,Ulysses Pugh,0299,05/2008,05/2021,27,0789,147600
Japan Credit Bureau,JCB,3560484376888444,Jill F Melendez,516,06/2010,06/2025,13,8912,70800
Master Card,Citibank,5173835602462102,Ada Richards,829,05/2008,05/2020,15,5095,70200
American Express,Bank of America,377311439331758,Derrick O York,9088,03/2009,03/2011,4,1760,182600
Diners Club International,Diners Club,30948653190698,Wilburn S Gilbert,910,10/2016,10/2019,12,5498,119400
American Express,Bank of America,375423538562126,Louis Foley,3676,11/2010,11/2011,27,4963,140700
Diners Club International,Diners Club,30905122567385,Roderick Wyatt,013,02/2017,02/2020,15,8908,142000
American Express,American Express,373762400390526,Renee Medina,2876,06/2013,06/2028,23,6925,121000
American Express,Bank of America,371463965648737,Joann T Horton,8300,07/2010,07/2027,16,2691,81000
Discover,Discover,6011229426855168,Marie Z Roach,863,11/2015,11/2019,14,7820,22200
Visa,Barclays,4670252452043605,Elnora Hicks,843,10/2008,10/2021,6,9531,105500
Japan Credit Bureau,JCB,3531858541453521,Zachary Dean,407,08/2017,08/2027,4,9983,123300
Japan Credit Bureau,JCB,3529903977468462,Gloria E Fletcher,015,11/2009,11/2029,24,1246,62700
American Express,American Express,376148035009805,Victor A Lindsay,2527,12/2013,12/2016,27,1474,159200
Japan Credit Bureau,JCB,3537229382174481,Glen N Carson,545,08/2010,08/2024,27,3110,66600
Master Card,Bank of America,5154480522193488,Amber X Salazar,854,06/2007,06/2024,17,8113,121900
Visa,U.S. Bancorp,4370818913146584,Mamie Sargent,371,11/2007,11/2021,14,2745,88800
Diners Club International,Diners Club,30587174842583,David Juarez,592,12/2017,12/2037,3,1804,62500
American Express,USAA,379282691240631,Duncan V Harper,6037,04/2015,04/2032,18,0141,79000
American Express,American Express,371972197519300,Lloyd Beard,3882,02/2013,02/2024,13,5461,14600
Visa,Capital One,4401419905542675,Joy Brock,712,07/2013,07/2021,10,7882,97900
Master Card,Chase,5338511033900588,Jennifer C Huber,478,11/2017,11/2036,18,7352,71000
Visa,Chase,4664690544763532,Ruben F Deleon,039,10/2011,10/2030,4,3119,183600
Visa,Wells Fargo,4569536628415323,Ashley Cooke,002,07/2011,07/2020,27,0163,118700
Visa,Citibank,4091588559152836,Jo B Mcdonald,539,09/2015,09/2017,3,5369,100100
Discover,Discover,6011721565450207,Alvin N Talley,614,08/2014,08/2030,20,2608,119000
Diners Club International,Diners Club,30425034594484,Clint Giles,714,02/2014,02/2033,2,6697,113800
Master Card,Capital One,5366799203101252,Ronnie V Burks,409,11/2009,11/2015,27,3884,152700
American Express,American Express,379000431017352,Newton Jones,8943,11/2010,11/2022,24,3341,191500
Japan Credit Bureau,JCB,3552627899182154,Teresa Boone,282,04/2008,04/2028,13,3793,72100
Master Card,Bank of America,5185014967526937,Alejandra Vang,077,07/2008,07/2021,1,0345,189900
Diners Club International,Diners Club,30939615986281,Alfred X Hudson,092,04/2010,04/2025,18,3842,165600
Master Card,Citibank,5206576790470736,Sharron F Goff,297,03/2016,03/2019,18,3263,47000
Visa,Chase,4528102319771472,Antonio C Kidd,526,02/2015,02/2032,1,7133,110100
Visa,Wells Fargo,4110234522665961,Kara Wyatt,134,03/2017,03/2035,21,3500,169500
Japan Credit Bureau,JCB,3538675630752032,Nancy A Horne,579,10/2014,10/2031,13,7346,183700
Visa,Chase,4139436263257208,Savannah S Mooney,613,02/2017,02/2035,15,6338,170100
Visa,Barclays,4657578093132143,Lauren U Turner,275,11/2010,11/2013,16,9649,17200
Japan Credit Bureau,JCB,3565541069367864,Karla D Lawson,544,10/2016,10/2020,22,3230,46600
American Express,American Express,343141425431325,Brent Marsh,1365,10/2007,10/2018,16,8822,94300
American Express,USAA,346083629495598,Lynn K May,3962,04/2013,04/2024,21,2410,149800
Master Card,Capital One,5156245994420018,Tony Ayers,812,09/2010,09/2020,20,2432,40400
American Express,USAA,379067859535553,Eugene C Morrow,9250,03/2008,03/2010,11,4384,137400
Visa,Chase,4644580746806574,Randy F Estes,721,01/2017,01/2030,4,9348,148300
American Express,American Express,376559118240929,Gwendolyn D Hill,3946,08/2009,08/2029,4,1372,196100
American Express,American Express,343032200965217,Melvin Y Graves,7230,01/2015,01/2033,4,6429,84600
American Express,American Express,348160992762040,Isabella V Farmer,6229,05/2016,05/2024,11,2250,74000
Master Card,USAA,5202421524434944,Cindy Y Barton,525,02/2015,02/2031,11,8683,178700
Diners Club International,Diners Club,39884679523581,Gretchen Ford,631,09/2011,09/2019,26,7071,61600
Discover,Discover,6595777047652756,Jeff Day,749,09/2008,09/2017,17,0719,95600
Visa,Chase,4908002693739196,Marcelo Y Marquez,303,03/2007,03/2009,21,7712,125600
American Express,American Express,375410651185397,Raymond Floyd,3026,07/2014,07/2034,7,9798,197500
Diners Club International,Diners Club,30045225316297,Reyna Q Doyle,605,11/2009,11/2019,17,3719,102100
Visa,Barclays,4261602847393609,Beth T Love,636,06/2011,06/2015,26,3298,110900
Master Card,Wells Fargo,5376699060650110,Eugenio Z Mclean,598,04/2015,04/2033,1,4908,96800
Visa,U.S. Bancorp,4389029712944604,Micheal H Workman,516,11/2008,11/2010,28,5909,90000
Discover,Discover,6011258514321312,Darla B Carver,927,02/2014,02/2020,4,4791,103400
Diners Club International,Diners Club,30582461102593,Nicole V Stevenson,664,09/2013,09/2023,14,4361,167400
Japan Credit Bureau,JCB,3579243674012464,Harley S Wright,179,05/2016,05/2035,5,1381,174000
Master Card,Chase,5282482427412059,Michael R Hess,677,06/2017,06/2030,12,0009,116700
Visa,Chase,4264898029748886,Bianca Preston,686,02/2011,02/2023,13,4439,56300
Master Card,Citibank,5458774044059570,Emma P Rosario,545,02/2009,02/2020,22,2079,66600
Diners Club International,Diners Club,30334165037109,Cary B Mcleod,845,01/2017,01/2030,19,0740,108700
Master Card,Capital One,5154640186821597,Manuel Buchanan,799,10/2015,10/2017,26,6893,132100
American Express,U.S. Bancorp,344061501336298,Leta W Shields,1066,01/2015,01/2019,5,1395,29200
Discover,Discover,6517991537960455,Manuel X Shepherd,441,06/2014,06/2034,12,0883,138500
Japan Credit Bureau,JCB,3546614137727130,Wanda U Robinson,763,04/2011,04/2028,25,7816,159000
Japan Credit Bureau,JCB,3552164928811033,Jorge Q Decker,788,10/2010,10/2013,7,7700,181600
Diners Club International,Diners Club,39536448173060,Diane Walton,904,02/2009,02/2014,12,5375,87600
Diners Club International,Diners Club,30041788600573,Leonard Armstrong,788,06/2015,06/2034,3,2247,150900
Diners Club International,Diners Club,38151058514446,Elwood M Roman,581,09/2012,09/2020,17,6315,177700
Visa,Barclays,4243085861115657,Roberta Bender,049,11/2014,11/2019,27,6933,195800
Master Card,Capital One,5344602027607420,Lilly Ortega,567,08/2009,08/2022,6,5989,71300
Discover,Discover,6011783959102786,Julia Q Salazar,327,08/2015,08/2019,8,7965,168000
Japan Credit Bureau,JCB,3565891648302696,Chadwick Cline,415,07/2012,07/2024,22,8976,78800
Visa,Chase,4115569860519956,Lawrence O Park,274,09/2014,09/2025,22,1998,112200
Diners Club International,Diners Club,30579355264323,Jamaal J Campbell,321,05/2013,05/2033,23,4146,179900
Diners Club International,Diners Club,30923739346234,Irene R Kent,703,05/2013,05/2031,12,5937,126000
Visa,PNC,4018815207497804,Harrison L William,895,09/2008,09/2014,22,0230,161000
Master Card,Citibank,5214698368352441,Joyce H Pollard,451,05/2016,05/2017,16,5231,44400
Visa,Citibank,4016371463218064,Nannie N Aguilar,602,01/2011,01/2022,11,5961,84500
Master Card,Capital One,5488615539945688,Jesus P Gould,438,05/2008,05/2009,8,8445,25700
Visa,Barclays,4965690404678230,Essie N Knight,645,01/2015,01/2035,17,1350,148500
Japan Credit Bureau,JCB,3559034038597579,Amber I Randall,798,03/2012,03/2027,2,8434,118900
Visa,GE Capital,4260522327873188,Eddie G Ochoa,460,09/2014,09/2022,3,9158,177900
Master Card,Capital One,5241400498297530,Florence F Mckee,827,01/2017,01/2026,22,2939,173400
Japan Credit Bureau,JCB,3557627757049953,Patti P Hale,650,10/2007,10/2013,15,8115,180000
Master Card,Chase,5362823910480843,Randy F Sullivan,114,01/2014,01/2026,11,9900,168900
Master Card,Bank of America,5158969936755078,Carmen Watson,274,03/2014,03/2020,5,1980,21700
Visa,Chase,4893767466780901,Lisa M Velazquez,388,08/2010,08/2016,14,5315,138000
Visa,Chase,4431177543256249,Cecil Q Mcpherson,866,09/2017,09/2027,22,0959,134700
Japan Credit Bureau,JCB,3587273341189486,Denise Chen,917,07/2012,07/2032,14,3948,46400
Visa,PNC,4935620311729054,Freddie K Welch,889,09/2017,09/2022,12,4593,71600
Diners Club International,Diners Club,30564600500853,Carmen Luna,091,02/2008,02/2012,10,5699,37700
Visa,Chase,4691014725336025,Loretta F Oliver,300,07/2009,07/2022,24,7632,145500
American Express,American Express,342107257270744,Walter Gould,7089,06/2015,06/2019,25,2955,171900
Visa,Chase,4458907155690618,Amalia A Pitts,874,11/2014,11/2027,26,2995,29000
Discover,Discover,6011772012629232,Bruce Church,389,10/2013,10/2020,9,6725,162000
American Express,American Express,377519050452147,April O Hubbard,2985,12/2009,12/2020,17,8355,20700
Diners Club International,Diners Club,38711685203836,Pamela Macias,957,10/2008,10/2017,16,1884,39800
American Express,American Express,377282876067462,Orlando S Livingston,9827,06/2017,06/2027,28,5419,91600
American Express,American Express,375168628704662,Barry Wise,9112,08/2016,08/2018,24,4320,72400
Diners Club International,Diners Club,38230285325402,Chrystal Y Martinez,988,08/2010,08/2018,2,3474,42300
American Express,American Express,372713037919832,Frank Q Howard,5822,11/2015,11/2031,15,5319,194000
Visa,Capital One,4172472174088737,Arturo T Tate,349,09/2015,09/2035,11,1240,160300
Diners Club International,Diners Club,36784405326981,Frances S Flynn,782,02/2015,02/2027,27,0981,30700
Master Card,USAA,5173027532573659,Carlene W Estrada,131,03/2009,03/2014,1,3620,101800
American Express,American Express,373531845082158,Jesse S Kent,2666,02/2008,02/2022,3,6993,68600
Master Card,Chase,5461200161886152,Salvador S Huff,306,09/2014,09/2022,21,2382,43900
Visa,Chase,4522280611702142,David S Raymond,290,11/2009,11/2027,2,1561,194400
Discover,Discover,6011692314519024,Sallie B Malone,218,04/2012,04/2013,8,2362,24500
Master Card,Citibank,5234142051744347,Adam L Obrien,243,07/2012,07/2021,19,1821,57800
American Express,USAA,341770261175281,Melanie J Christensen,2160,01/2014,01/2034,8,7226,92200
American Express,U.S. Bancorp,374811073779553,Cheryl H Coffey,7872,04/2011,04/2030,25,1545,48900
Master Card,Chase,5464614781624495,Isabella O Bentley,273,02/2007,02/2022,25,1368,129800
Diners Club International,Diners Club,30965611346824,Phillip G Durham,202,09/2014,09/2018,25,0432,22300
American Express,American Express,346845228085958,Emmett C Gibson,2929,07/2009,07/2015,21,7011,165000
Japan Credit Bureau,JCB,3541382806023851,Evelyn C Stephenson,524,09/2014,09/2024,13,7836,169300
Diners Club International,Diners Club,30278962297681,Guillermo Merrill,162,04/2014,04/2030,22,8054,130400
Master Card,Wells Fargo,5463254187497179,Carolyn Burgess,011,03/2011,03/2029,22,6198,123500
Visa,Capital One,4178852191289208,Angelica G Guy,014,02/2013,02/2031,17,4747,169900
Diners Club International,Diners Club,30508902244306,Albert Fitzgerald,521,10/2010,10/2016,16,2034,36900
Diners Club International,Diners Club,30982449079139,Olivia G Valencia,715,07/2016,07/2031,16,5746,168200
Visa,First National,4214840196757630,Anne K Ferguson,279,11/2013,11/2029,8,4765,185400
Master Card,Citibank,5290197103844371,Tricia L Mcbride,658,02/2009,02/2028,17,6615,76800
Diners Club International,Diners Club,30532819257185,Esther S Barber,643,04/2015,04/2028,12,6217,86100
Visa,USAA,4018316375111509,Matthew Mccullough,777,11/2011,11/2015,20,6334,187600
Japan Credit Bureau,JCB,3575306607800893,Evelyn N Heath,764,08/2013,08/2032,1,6089,53400
Japan Credit Bureau,JCB,3580445684742843,Dylan P Romero,485,01/2009,01/2015,8,5878,171000
American Express,U.S. Bancorp,344860756845303,Ricky Montoya,3290,09/2008,09/2010,17,1223,186400
Diners Club International,Diners Club,30597186939624,Arline G Guthrie,715,08/2013,08/2014,16,5429,117200
Master Card,Citibank,5380011737903126,Lois E Lowe,594,07/2016,07/2020,12,8962,191900
Visa,Chase,4425518762608297,Tara R Cunningham,580,07/2010,07/2029,5,9285,21800
Discover,Discover,6011906600538757,Kenneth Caldwell,451,03/2014,03/2023,1,7431,72800
American Express,American Express,343481521626257,Wallace B Guerra,2667,05/2014,05/2029,11,0020,97700
Diners Club International,Diners Club,30043120008820,Sheila S Mills,437,01/2013,01/2015,23,8044,47300
Diners Club International,Diners Club,30583856077564,Brett Steele,768,09/2008,09/2016,20,5976,161300
Visa,Chase,4299065935309182,Ramon F Padilla,381,08/2017,08/2034,15,8043,14700
Diners Club International,Diners Club,30918199359156,Erich David,762,06/2010,06/2012,22,8627,188800
Diners Club International,Diners Club,30405751877114,Herbert Cain,030,03/2007,03/2018,2,3397,70800
Visa,Chase,4523705206452082,Craig G Lowery,298,01/2012,01/2022,25,8892,197900
Visa,Chase,4083362988789117,Miguel Anthony,982,06/2014,06/2025,12,4863,10600
Japan Credit Bureau,JCB,3575803917090553,Louise U Stanton,130,03/2013,03/2016,1,3961,121900
Japan Credit Bureau,JCB,3562793349502702,Nathan L Buck,741,10/2010,10/2011,7,2516,177200
Japan Credit Bureau,JCB,3583517054087939,Stefan Q Barton,248,10/2017,10/2029,28,8679,19400
Master Card,Capital One,5370838346239357,Peter H Garcia,416,01/2013,01/2021,7,6580,171100
Discover,Discover,6011575650428613,Kris U Mcguire,047,10/2014,10/2020,6,8078,51800
Japan Credit Bureau,JCB,3544679448760882,Joshua N Woodard,644,12/2010,12/2028,23,4855,151300
Japan Credit Bureau,JCB,3579898064185095,Amparo Parker,798,02/2007,02/2021,12,0091,93200
Master Card,Bank of America,5118023775452642,Melvin Scott,566,04/2013,04/2033,7,9551,199500
Discover,Discover,6011177452260847,Mildred I Gomez,294,08/2009,08/2027,27,0036,25200
Visa,Bank of America,4898954587980090,Miguel Aguilar,340,08/2013,08/2032,18,8865,102600
Visa,Capital One,4462082460208383,Michele R Melendez,932,12/2007,12/2008,24,0905,102400
Master Card,Chase,5155536959833323,Danielle U Miles,314,10/2009,10/2025,11,1079,60000
American Express,American Express,346649855950199,Courtney Sanchez,6490,02/2013,02/2028,7,6052,66600
Master Card,U.S. Bancorp,5358779614591747,Leon F Wade,393,02/2007,02/2018,20,1522,16800
Master Card,U.S. Bancorp,5427118087887943,Madge S Larson,892,12/2012,12/2032,26,3316,101800
Master Card,Capital One,5393621519386855,Rebecca L Bowers,774,08/2010,08/2023,9,5194,122900
Diners Club International,Diners Club,36348553750093,Ben H Roman,227,10/2016,10/2036,11,2157,122100
Japan Credit Bureau,JCB,3537848197609520,Benjamin U Suarez,128,06/2013,06/2020,26,0359,115200
Master Card,Bank of America,5331981922448204,Lanny O Peck,001,05/2009,05/2010,20,7855,199800
Master Card,Chase,5478584638412507,Connie J Gomez,542,08/2016,08/2027,28,0937,27600
Visa,Chase,4700061901952041,Willie O Castro,911,06/2011,06/2021,12,9352,50300
Master Card,Capital One,5223279480488477,Edith Rogers,048,11/2010,11/2028,25,7994,121100
Visa,U.S. Bancorp,4215093457054904,Bridgette R Evans,613,02/2013,02/2033,23,9783,97900
Master Card,Chase,5254782696167530,Nicole Frazier,078,05/2010,05/2022,28,3142,63100
Visa,Chase,4099481265513685,Dillon C Ingram,961,12/2009,12/2011,20,1266,41100
Master Card,Chase,5396711608810084,Bobby O Raymond,284,07/2014,07/2018,10,9169,94200
Master Card,Chase,5155524842932056,Rolland V Chan,347,07/2017,07/2031,14,8009,199100
Master Card,U.S. Bancorp,5485147933819569,Juan Q Ashley,221,09/2015,09/2018,23,5712,125900
American Express,American Express,370698448762701,Jackie Farley,4162,10/2014,10/2020,21,4310,131800
Japan Credit Bureau,JCB,3532980215911029,Lillian X Dickerson,270,07/2010,07/2022,21,0273,172500
Discover,Discover,6011765600652624,Nestor Wolf,745,03/2011,03/2024,4,6489,101300
Visa,PNC,4132596529955882,Paul B Medina,463,03/2008,03/2019,19,7405,55700
Master Card,Bank of America,5393449284084798,Leonard J Hull,811,02/2014,02/2019,5,0336,150300
American Express,American Express,377566898306068,Bryan Stuart,9007,04/2011,04/2026,24,1376,171000
Master Card,Citibank,5147212559246628,Martina Emerson,262,05/2017,05/2021,28,8132,181000
Master Card,Citibank,5447077923193492,Gordon D Klein,447,12/2009,12/2022,3,0114,18000
Diners Club International,Diners Club,36783263896689,Mildred E Caldwell,619,06/2016,06/2033,7,1791,86700
Diners Club International,Diners Club,30929004520445,Rose L Craig,965,06/2008,06/2012,23,0764,179200
Discover,Discover,6011789974973341,Josue E Macias,375,11/2010,11/2026,1,1211,182200
Diners Club International,Diners Club,30022556560272,Teresa Harris,905,12/2017,12/2032,12,9648,175100
Japan Credit Bureau,JCB,3562076481804080,Marisa Macias,128,07/2007,07/2013,6,9374,131600
Master Card,Bank of America,5181105992373214,Phillip U Warner,262,07/2013,07/2029,14,1964,64400
Visa,Bank of America,4809195423037384,Jared Cash,813,09/2016,09/2026,9,8267,134100
Discover,Discover,6592008490844614,Margaret A Baker,437,01/2014,01/2034,23,9013,23200
American Express,American Express,346243924724908,Jami I Fry,2019,11/2008,11/2020,12,2191,192300
Visa,Chase,4926103861016595,Bryan Q Pitts,743,12/2016,12/2030,26,3282,164400
Visa,Chase,4244819051126283,Neva G Pratt,382,10/2017,10/2033,9,7511,176200
Master Card,GE Capital,5388805262481339,Lorraine L Larsen,143,12/2016,12/2035,8,4193,59000
Diners Club International,Diners Club,30588776410225,Wendell Graham,756,02/2009,02/2020,2,0414,26200
Master Card,Chase,5445765666350707,Mark S Evans,734,02/2008,02/2016,3,9826,125700
Japan Credit Bureau,JCB,3557984656452550,Elisa Cantrell,828,03/2010,03/2025,17,6738,50000
Discover,Discover,6011800184540430,Mildred W Cole,136,12/2010,12/2028,8,2432,71800
Master Card,Citibank,5101815625914849,Jerry J Petersen,577,12/2013,12/2032,23,0435,182500
Master Card,Chase,5295594579185906,Randall R Roach,209,04/2011,04/2031,27,8046,70900
Master Card,Capital One,5237231509026295,Charlie Y Christian,603,10/2017,10/2018,26,9728,159600
American Express,U.S. Bancorp,377861273123364,Brittany U Faulkner,6855,12/2016,12/2022,27,3016,144200
Discover,Discover,6011865304075344,Elvia Ortega,679,12/2010,12/2029,6,2524,139800
Diners Club International,Diners Club,30072715939891,Kevin P Perkins,389,08/2009,08/2010,19,2758,103100
Discover,Discover,6011747752512491,Genaro Keith,341,06/2016,06/2031,7,5153,18200
Visa,Chase,4460562598424749,Holly B Head,926,09/2017,09/2033,17,0552,180200
Diners Club International,Diners Club,30900594435377,Dominick I Lucas,441,05/2011,05/2028,15,0982,103100
Master Card,Capital One,5159259692805997,Rose A Benjamin,492,12/2016,12/2021,6,6682,46700
Diners Club International,Diners Club,30086008371836,Jessica Y Cohen,397,09/2014,09/2018,11,7984,164000
Discover,Discover,6511674224482977,Keith E Byers,515,12/2013,12/2028,5,0751,50500
Master Card,GE Capital,5206538206346553,Merle Mercer,815,12/2010,12/2028,26,6803,187000
Diners Club International,Diners Club,30437602079509,Sara E Greer,738,04/2009,04/2021,27,2466,187700
Japan Credit Bureau,JCB,3538545599158333,Stephen Carrillo,956,11/2012,11/2025,17,3399,131300
American Express,USAA,374702458166070,Ray Gardner,6015,09/2017,09/2034,8,8710,165900
Japan Credit Bureau,JCB,3538361542339602,Stacie Nelson,118,05/2011,05/2021,18,2822,26500
Japan Credit Bureau,JCB,3566179641624533,Mildred O Barry,789,02/2017,02/2031,26,7222,159400
Discover,Discover,6531797041922523,Juliana F Mejia,779,07/2010,07/2030,15,3184,81500
Master Card,Wells Fargo,5351097278783402,Ramon L Everett,997,06/2014,06/2022,7,9689,196900
Japan Credit Bureau,JCB,3561687089679400,Devon Webster,728,12/2014,12/2026,20,1380,146700
Master Card,Capital One,5159125978404799,Allen Morrison,071,02/2015,02/2023,25,9559,157600
Diners Club International,Diners Club,38322707283630,Felix S Stephenson,688,07/2013,07/2016,12,4644,199700
Diners Club International,Diners Club,36769500403298,Eric Reynolds,665,12/2009,12/2012,17,2399,122500
Master Card,Bank of America,5414657682316472,Juliette Z Sandoval,147,02/2011,02/2020,21,4475,147200
Visa,Chase,4009367059394508,Steven V Martin,958,04/2015,04/2030,24,9106,111400
American Express,American Express,343519799923086,Victor R Hernandez,0841,03/2015,03/2029,19,2010,139700
Diners Club International,Diners Club,30008818534817,Eric M Moreno,163,06/2012,06/2015,17,4776,185400
Discover,Discover,6011232610286695,Helen Q Adkins,875,11/2016,11/2026,25,6417,167200
Diners Club International,Diners Club,30594480123013,Joan H Shannon,554,01/2013,01/2033,1,8553,43100
Master Card,U.S. Bancorp,5163519670542829,Renee J Butler,333,06/2008,06/2012,9,0341,36600
Diners Club International,Diners Club,30926665198750,Victoria K Reed,086,05/2009,05/2015,7,2268,134700
Diners Club International,Diners Club,30039827762370,Lavonne C Walters,878,05/2008,05/2018,12,8991,115700
Japan Credit Bureau,JCB,3569836097653715,Gary N Adkins,675,09/2017,09/2036,18,8177,94900
Discover,Discover,6011924443976092,Dawn H Barr,641,01/2014,01/2020,8,1930,46500
Visa,Bank of America,4384148009307393,Bryan Baxter,795,12/2010,12/2016,7,8614,36900
Diners Club International,Diners Club,30507431888211,Dick England,903,06/2011,06/2031,1,9107,90700
Master Card,Chase,5277484462273450,Gerald V Christian,950,06/2014,06/2026,8,2873,32400
Diners Club International,Diners Club,30522911332135,Clement U Hobbs,164,07/2014,07/2023,9,5218,123700
Japan Credit Bureau,JCB,3540498495183078,Ethel Snow,031,03/2007,03/2026,17,9124,183500
Master Card,Capital One,5221330116473573,Marcelino S Spencer,375,08/2010,08/2029,23,8956,84800
Discover,Discover,6011346029175149,Theodore Harding,103,01/2011,01/2012,12,1687,127300
Diners Club International,Diners Club,30502970292842,Pierre Ross,985,01/2011,01/2020,16,6191,35600
American Express,Bank of America,375789746113633,Daniel Q Barrera,5048,10/2009,10/2023,5,6463,96100
Master Card,Bank of America,5402490802861035,Neal A Everett,004,06/2017,06/2032,11,8672,119000
Discover,Discover,6011173957942120,Robert Maddox,702,01/2008,01/2018,4,9847,185700
Diners Club International,Diners Club,30247676788913,Gabriel Farley,920,05/2008,05/2024,9,2290,185300
Discover,Discover,6443549956835183,Bernard G Potter,029,07/2011,07/2017,14,8928,50400
Discover,Discover,6011911979956259,Leon J Cunningham,119,11/2009,11/2014,3,1482,43700
Discover,Discover,6459858635482387,Crystal H Bryan,503,06/2014,06/2029,7,3293,145500
Discover,Discover,6011815962554080,Newton Hendrix,361,08/2010,08/2024,22,8820,10900
Master Card,Chase,5114470173406825,Aaron X Coleman,305,12/2017,12/2030,2,1236,175900
Visa,Citibank,4472372970427971,Juan D Nieves,692,09/2014,09/2020,17,1368,147700
Diners Club International,Diners Club,38357717064398,Teresa B Nieves,514,08/2012,08/2025,10,5710,150300
Visa,Citibank,4245625823183562,Margarita C Larson,591,07/2008,07/2024,16,7851,43600
Master Card,Capital One,5131845897632211,Ramon O Daugherty,762,02/2012,02/2020,15,7799,173800
Master Card,Capital One,5205622147038338,Marguerite P Pruitt,956,04/2012,04/2018,25,3216,103600
American Express,American Express,372937930956761,Roy Rios,2300,08/2014,08/2017,17,8058,101200
Japan Credit Bureau,JCB,3569019603971513,Felix May,985,12/2008,12/2027,25,9628,21800
Visa,Chase,4402799202123082,Debra P Cochran,022,11/2011,11/2013,17,8506,32800
Visa,Bank of America,4589665170437306,Johnathon Jackson,408,09/2009,09/2017,1,5480,52000
Japan Credit Bureau,JCB,3552188019756278,Ryan R Jefferson,901,03/2009,03/2013,10,0604,16200
Japan Credit Bureau,JCB,3562812500849536,Trina A Carroll,206,04/2013,04/2018,9,6475,94100
American Express,American Express,343291489989591,Jason K Bray,9736,02/2008,02/2009,19,7010,32400
Diners Club International,Diners Club,30954570372898,Denny S Ochoa,847,02/2008,02/2013,24,5334,22200
American Express,American Express,377327941091649,Audrey I Harding,6394,10/2015,10/2020,1,7452,56400
Master Card,Chase,5462624880054520,Alana Tanner,396,07/2016,07/2020,25,9204,168400
Japan Credit Bureau,JCB,3576270254055160,Emma D Ray,413,04/2017,04/2023,3,1501,32300
Master Card,Capital One,5190202982899545,Federico X Chambers,503,03/2007,03/2022,8,6327,161200
Diners Club International,Diners Club,30187797042297,Melvin G Perry,912,05/2009,05/2026,21,3576,30700
American Express,American Express,347188043247886,Teddy G Richardson,4754,10/2008,10/2019,4,6019,69900
American Express,American Express,346338235441547,Laura N Knowles,0011,08/2014,08/2032,18,7992,141600
Discover,Discover,6560830217865210,Theron W Chambers,020,11/2012,11/2025,7,8543,59100
Visa,Bank of America,4847052499676773,Larry A Bishop,529,08/2016,08/2024,13,4351,87400
Visa,Citibank,4184597026254933,Lena Fuller,304,12/2016,12/2032,16,3922,125900
Master Card,Bank of America,5147066085692683,Rodney P Pennington,619,08/2007,08/2012,27,6103,103300
Visa,Chase,4253648620957219,Michel U Burke,287,08/2008,08/2015,21,1256,23500
Diners Club International,Diners Club,30968592015749,Travis Dale,926,09/2011,09/2020,26,7582,123400
Visa,PNC,4217617952786517,Jodie V Conley,159,12/2015,12/2024,13,2620,87400
Master Card,USAA,5147352058550102,Vanessa A Pratt,548,02/2008,02/2011,17,7333,57600
Visa,Bank of America,4792292367755599,Reba B Estes,740,06/2012,06/2017,6,8084,120300
Visa,Wells Fargo,4009846246856396,Sharon Stephenson,700,05/2008,05/2026,20,8037,190800
Master Card,Chase,5356523903901791,Magdalena Kidd,136,09/2011,09/2014,20,0934,190200
Master Card,Chase,5345489205846882,Allen B Stafford,975,03/2016,03/2022,2,5852,22900
American Express,U.S. Bancorp,346829080644938,Benita Herring,9205,08/2010,08/2030,2,4648,21900
Japan Credit Bureau,JCB,3562670876388848,Henry S Harrington,263,03/2007,03/2019,12,4481,191200
American Express,American Express,347708558307252,Rene Nolan,9633,10/2008,10/2014,5,5699,170800
American Express,American Express,344822401169786,Russell J Vargas,6688,11/2007,11/2008,11,1775,182900
Japan Credit Bureau,JCB,3584667364344519,Orlando K Potts,507,07/2009,07/2016,14,8727,43800
Visa,Citibank,4800601238376668,Shawn A York,364,10/2011,10/2018,5,9200,187500
Diners Club International,Diners Club,30168194270582,Prince U Parks,593,05/2011,05/2031,25,3175,42500
Japan Credit Bureau,JCB,3548795949760431,Theresa F King,642,04/2012,04/2021,15,6946,82400
Japan Credit Bureau,JCB,3566452282997041,Terence D Mejia,994,08/2016,08/2033,18,2914,138200
Japan Credit Bureau,JCB,3539269980463108,Yolanda Moore,150,12/2012,12/2030,14,0039,193300
Discover,Discover,6011716359815938,Kurtis V Haney,121,09/2010,09/2025,28,2953,157200
Master Card,Citibank,5391458271565240,Teresa Castillo,541,10/2013,10/2019,10,3219,150800